method,seed,retained,data_label,label_class,elicited,loss,compute_ratio,source
FT-LoRA,seed_1,core,code-lisp,elicited_forget,True,1.2495368719100952,0.8413131804280247,arch/100M/seed_1/20260527043142471021/stats.jsonl
FT-LoRA,seed_1,core+papers-biology,code-lisp,elicited_forget,True,1.248910665512085,0.8430531941158301,arch/100M/seed_1/20260527043142471021/stats.jsonl
FT-LoRA,seed_1,core+papers-nuclear,code-lisp,elicited_forget,True,1.2504382133483887,0.8388165235006056,arch/100M/seed_1/20260527043142471021/stats.jsonl
FT-LoRA,seed_1,core+papers-cyber,code-lisp,elicited_forget,True,1.2504382133483887,0.8388165235006056,arch/100M/seed_1/20260527043142471021/stats.jsonl
FT-LoRA,seed_1,core,code-lisp,forget,False,1.7873096466064453,0.19450960788188099,arch/100M/seed_1/20260527043142471021/stats.jsonl
FT-LoRA,seed_1,core+papers-biology,code-lisp,forget,False,1.7943460941314697,0.19144475451231946,arch/100M/seed_1/20260527043142471021/stats.jsonl
FT-LoRA,seed_1,core+papers-nuclear,code-lisp,forget,False,1.7894631624221802,0.1935650147237885,arch/100M/seed_1/20260527043142471021/stats.jsonl
FT-LoRA,seed_1,core+papers-cyber,code-lisp,forget,False,1.7889623641967773,0.19378415713967376,arch/100M/seed_1/20260527043142471021/stats.jsonl
FT-LoRA,seed_1,code-lisp+core,code-lisp,retain,False,1.4523488283157349,0.4532323254859165,arch/100M/seed_1/20260527043142471021/stats.jsonl
FT-LoRA,seed_1,core,core,core,False,2.4203503131866455,0.8703694681849393,arch/100M/seed_1/20260527043142471021/stats.jsonl
FT-LoRA,seed_1,code-lisp+core,core,core,False,2.438136577606201,0.8175449002319662,arch/100M/seed_1/20260527043142471021/stats.jsonl
FT-LoRA,seed_1,core+papers-biology,core,core,False,2.426201581954956,0.8525794822556629,arch/100M/seed_1/20260527043142471021/stats.jsonl
FT-LoRA,seed_1,core+papers-nuclear,core,core,False,2.42753267288208,0.8485897457242564,arch/100M/seed_1/20260527043142471021/stats.jsonl
FT-LoRA,seed_1,core+papers-cyber,core,core,False,2.419585943222046,0.8727240730387837,arch/100M/seed_1/20260527043142471021/stats.jsonl
FT-LoRA,seed_1,core,papers-biology,elicited_forget,True,3.0520834922790527,0.9361381742796945,arch/100M/seed_1/20260527043142471021/stats.jsonl
FT-LoRA,seed_1,code-lisp+core,papers-biology,elicited_forget,True,3.0561397075653076,0.9256902624750171,arch/100M/seed_1/20260527043142471021/stats.jsonl
FT-LoRA,seed_1,core+papers-nuclear,papers-biology,elicited_forget,True,3.0516326427459717,0.937307625392276,arch/100M/seed_1/20260527043142471021/stats.jsonl
FT-LoRA,seed_1,core+papers-cyber,papers-biology,elicited_forget,True,3.052433967590332,0.9352302151467976,arch/100M/seed_1/20260527043142471021/stats.jsonl
FT-LoRA,seed_1,core,papers-biology,forget,False,3.137620210647583,0.7412569861913422,arch/100M/seed_1/20260527043142471021/stats.jsonl
FT-LoRA,seed_1,code-lisp+core,papers-biology,forget,False,3.1534953117370605,0.7103569004151856,arch/100M/seed_1/20260527043142471021/stats.jsonl
FT-LoRA,seed_1,core+papers-nuclear,papers-biology,forget,False,3.1420271396636963,0.7325300085846768,arch/100M/seed_1/20260527043142471021/stats.jsonl
FT-LoRA,seed_1,core+papers-cyber,papers-biology,forget,False,3.1432290077209473,0.7301700829990485,arch/100M/seed_1/20260527043142471021/stats.jsonl
FT-LoRA,seed_1,core+papers-biology,papers-biology,retain,False,3.0610477924346924,0.91322296890199,arch/100M/seed_1/20260527043142471021/stats.jsonl
FT-LoRA,seed_1,core,papers-cyber,elicited_forget,True,3.326772928237915,0.8956063143477851,arch/100M/seed_1/20260527043142471021/stats.jsonl
FT-LoRA,seed_1,code-lisp+core,papers-cyber,elicited_forget,True,3.3352363109588623,0.8732625696677496,arch/100M/seed_1/20260527043142471021/stats.jsonl
FT-LoRA,seed_1,core+papers-biology,papers-cyber,elicited_forget,True,3.3274741172790527,0.893731309033889,arch/100M/seed_1/20260527043142471021/stats.jsonl
FT-LoRA,seed_1,core+papers-nuclear,papers-cyber,elicited_forget,True,3.3265225887298584,0.8962767853804936,arch/100M/seed_1/20260527043142471021/stats.jsonl
FT-LoRA,seed_1,core,papers-cyber,forget,False,3.381310224533081,0.7619501888978735,arch/100M/seed_1/20260527043142471021/stats.jsonl
FT-LoRA,seed_1,code-lisp+core,papers-cyber,forget,False,3.3992888927459717,0.7228561808372689,arch/100M/seed_1/20260527043142471021/stats.jsonl
FT-LoRA,seed_1,core+papers-biology,papers-cyber,forget,False,3.3876702785491943,0.7478589391139374,arch/100M/seed_1/20260527043142471021/stats.jsonl
FT-LoRA,seed_1,core+papers-nuclear,papers-cyber,forget,False,3.387319803237915,0.7486278877329181,arch/100M/seed_1/20260527043142471021/stats.jsonl
FT-LoRA,seed_1,core+papers-cyber,papers-cyber,retain,False,3.3308792114257812,0.8846875054965897,arch/100M/seed_1/20260527043142471021/stats.jsonl
FT-LoRA,seed_1,core,papers-nuclear,elicited_forget,True,3.3653345108032227,0.9345433838920572,arch/100M/seed_1/20260527043142471021/stats.jsonl
FT-LoRA,seed_1,code-lisp+core,papers-nuclear,elicited_forget,True,3.3720953464508057,0.9151486054014505,arch/100M/seed_1/20260527043142471021/stats.jsonl
FT-LoRA,seed_1,core+papers-biology,papers-nuclear,elicited_forget,True,3.3653345108032227,0.9345433838920572,arch/100M/seed_1/20260527043142471021/stats.jsonl
FT-LoRA,seed_1,core+papers-cyber,papers-nuclear,elicited_forget,True,3.3648338317871094,0.9359975824912988,arch/100M/seed_1/20260527043142471021/stats.jsonl
FT-LoRA,seed_1,core,papers-nuclear,forget,False,3.4461636543273926,0.7294004361450593,arch/100M/seed_1/20260527043142471021/stats.jsonl
FT-LoRA,seed_1,code-lisp+core,papers-nuclear,forget,False,3.4629907608032227,0.6932646942263574,arch/100M/seed_1/20260527043142471021/stats.jsonl
FT-LoRA,seed_1,core+papers-biology,papers-nuclear,forget,False,3.443960189819336,0.7342842596128439,arch/100M/seed_1/20260527043142471021/stats.jsonl
FT-LoRA,seed_1,core+papers-cyber,papers-nuclear,forget,False,3.4458632469177246,0.7300641533386958,arch/100M/seed_1/20260527043142471021/stats.jsonl
FT-LoRA,seed_1,core+papers-nuclear,papers-nuclear,retain,False,3.369741439819336,0.9218504748137356,arch/100M/seed_1/20260527043142471021/stats.jsonl
FT-LoRA,seed_2,core,code-lisp,elicited_forget,True,1.2458057403564453,0.8517473862912043,arch/100M/seed_2/20260527065853490953/stats.jsonl
FT-LoRA,seed_2,core+papers-biology,code-lisp,elicited_forget,True,1.2444161176681519,0.8556747545734641,arch/100M/seed_2/20260527065853490953/stats.jsonl
FT-LoRA,seed_2,core+papers-nuclear,code-lisp,elicited_forget,True,1.245492696762085,0.8526301470866314,arch/100M/seed_2/20260527065853490953/stats.jsonl
FT-LoRA,seed_2,core+papers-cyber,code-lisp,elicited_forget,True,1.2455928325653076,0.8523476470270746,arch/100M/seed_2/20260527065853490953/stats.jsonl
FT-LoRA,seed_2,core,code-lisp,forget,False,1.7825019359588623,0.19663966657887152,arch/100M/seed_2/20260527065853490953/stats.jsonl
FT-LoRA,seed_2,core+papers-biology,code-lisp,forget,False,1.7850561141967773,0.195504361617556,arch/100M/seed_2/20260527065853490953/stats.jsonl
FT-LoRA,seed_2,core+papers-nuclear,code-lisp,forget,False,1.7934945821762085,0.19181236078164815,arch/100M/seed_2/20260527065853490953/stats.jsonl
FT-LoRA,seed_2,core+papers-cyber,code-lisp,forget,False,1.7851061820983887,0.19548219042941176,arch/100M/seed_2/20260527065853490953/stats.jsonl
FT-LoRA,seed_2,code-lisp+core,code-lisp,retain,False,1.3758388757705688,0.5660086956507726,arch/100M/seed_2/20260527065853490953/stats.jsonl
FT-LoRA,seed_2,core,core,core,False,2.4235167503356934,0.8606911276754435,arch/100M/seed_2/20260527065853490953/stats.jsonl
FT-LoRA,seed_2,code-lisp+core,core,core,False,2.446204662322998,0.7947783133704283,arch/100M/seed_2/20260527065853490953/stats.jsonl
FT-LoRA,seed_2,core+papers-biology,core,core,False,2.430344581604004,0.8402302586236682,arch/100M/seed_2/20260527065853490953/stats.jsonl
FT-LoRA,seed_2,core+papers-nuclear,core,core,False,2.431623935699463,0.8364575379402215,arch/100M/seed_2/20260527065853490953/stats.jsonl
FT-LoRA,seed_2,core+papers-cyber,core,core,False,2.4222850799560547,0.8644413375721449,arch/100M/seed_2/20260527065853490953/stats.jsonl
FT-LoRA,seed_2,core,papers-biology,elicited_forget,True,3.046725034713745,0.9501441717055683,arch/100M/seed_2/20260527065853490953/stats.jsonl
FT-LoRA,seed_2,code-lisp+core,papers-biology,elicited_forget,True,3.051832914352417,0.9367879416148953,arch/100M/seed_2/20260527065853490953/stats.jsonl
FT-LoRA,seed_2,core+papers-nuclear,papers-biology,elicited_forget,True,3.0481772422790527,0.9463252488249915,arch/100M/seed_2/20260527065853490953/stats.jsonl
FT-LoRA,seed_2,core+papers-cyber,papers-biology,elicited_forget,True,3.0465245246887207,0.950672819812029,arch/100M/seed_2/20260527065853490953/stats.jsonl
FT-LoRA,seed_2,core,papers-biology,forget,False,3.1374199390411377,0.7416563524830097,arch/100M/seed_2/20260527065853490953/stats.jsonl
FT-LoRA,seed_2,code-lisp+core,papers-biology,forget,False,3.1619091033935547,0.6945696974221919,arch/100M/seed_2/20260527065853490953/stats.jsonl
FT-LoRA,seed_2,core+papers-nuclear,papers-biology,forget,False,3.1411757469177246,0.7342069551176453,arch/100M/seed_2/20260527065853490953/stats.jsonl
FT-LoRA,seed_2,core+papers-cyber,papers-biology,forget,False,3.141977071762085,0.7326285054563983,arch/100M/seed_2/20260527065853490953/stats.jsonl
FT-LoRA,seed_2,core+papers-biology,papers-biology,retain,False,3.062349557876587,0.9099480328735601,arch/100M/seed_2/20260527065853490953/stats.jsonl
FT-LoRA,seed_2,core,papers-cyber,elicited_forget,True,3.3192107677459717,0.9161067494756349,arch/100M/seed_2/20260527065853490953/stats.jsonl
FT-LoRA,seed_2,code-lisp+core,papers-cyber,elicited_forget,True,3.327523946762085,0.8935982285447084,arch/100M/seed_2/20260527065853490953/stats.jsonl
FT-LoRA,seed_2,core+papers-biology,papers-cyber,elicited_forget,True,3.3205628395080566,0.9124035935232869,arch/100M/seed_2/20260527065853490953/stats.jsonl
FT-LoRA,seed_2,core+papers-nuclear,papers-cyber,elicited_forget,True,3.3196616172790527,0.914870084255514,arch/100M/seed_2/20260527065853490953/stats.jsonl
FT-LoRA,seed_2,core,papers-cyber,forget,False,3.378706216812134,0.7678042340566775,arch/100M/seed_2/20260527065853490953/stats.jsonl
FT-LoRA,seed_2,code-lisp+core,papers-cyber,forget,False,3.4031450748443604,0.7147636652921967,arch/100M/seed_2/20260527065853490953/stats.jsonl
FT-LoRA,seed_2,core+papers-biology,papers-cyber,forget,False,3.3855669498443604,0.7524868434638755,arch/100M/seed_2/20260527065853490953/stats.jsonl
FT-LoRA,seed_2,core+papers-nuclear,papers-cyber,forget,False,3.3881211280822754,0.7468710541043616,arch/100M/seed_2/20260527065853490953/stats.jsonl
FT-LoRA,seed_2,core+papers-cyber,papers-cyber,retain,False,3.324819803237915,0.9008520277956497,arch/100M/seed_2/20260527065853490953/stats.jsonl
FT-LoRA,seed_2,core,papers-nuclear,elicited_forget,True,3.3642325401306152,0.937747300458215,arch/100M/seed_2/20260527065853490953/stats.jsonl
FT-LoRA,seed_2,code-lisp+core,papers-nuclear,elicited_forget,True,3.371544361114502,0.9167125055096276,arch/100M/seed_2/20260527065853490953/stats.jsonl
FT-LoRA,seed_2,core+papers-biology,papers-nuclear,elicited_forget,True,3.3636817932128906,0.9393530979844724,arch/100M/seed_2/20260527065853490953/stats.jsonl
FT-LoRA,seed_2,core+papers-cyber,papers-nuclear,elicited_forget,True,3.3635315895080566,0.9397915681991589,arch/100M/seed_2/20260527065853490953/stats.jsonl
FT-LoRA,seed_2,core,papers-nuclear,forget,False,3.446965217590332,0.7276327254518514,arch/100M/seed_2/20260527065853490953/stats.jsonl
FT-LoRA,seed_2,code-lisp+core,papers-nuclear,forget,False,3.4739582538604736,0.6707777309925583,arch/100M/seed_2/20260527065853490953/stats.jsonl
FT-LoRA,seed_2,core+papers-biology,papers-nuclear,forget,False,3.4465646743774414,0.7285154635330542,arch/100M/seed_2/20260527065853490953/stats.jsonl
FT-LoRA,seed_2,core+papers-cyber,papers-nuclear,forget,False,3.448016881942749,0.7253206237083774,arch/100M/seed_2/20260527065853490953/stats.jsonl
FT-LoRA,seed_2,core+papers-nuclear,papers-nuclear,retain,False,3.3738479614257812,0.9101935454505576,arch/100M/seed_2/20260527065853490953/stats.jsonl
FT-LoRA,seed_3,core,code-lisp,elicited_forget,True,1.2606545686721802,0.811154254786398,arch/100M/seed_3/20260527092657870351/stats.jsonl
FT-LoRA,seed_3,core+papers-biology,code-lisp,elicited_forget,True,1.2602163553237915,0.8123171890928087,arch/100M/seed_3/20260527092657870351/stats.jsonl
FT-LoRA,seed_3,core+papers-nuclear,code-lisp,elicited_forget,True,1.2612555027008057,0.8095628688904096,arch/100M/seed_3/20260527092657870351/stats.jsonl
FT-LoRA,seed_3,core+papers-cyber,code-lisp,elicited_forget,True,1.259765625,0.8135155137044406,arch/100M/seed_3/20260527092657870351/stats.jsonl
FT-LoRA,seed_3,core,code-lisp,forget,False,1.788762092590332,0.1938718816262328,arch/100M/seed_3/20260527092657870351/stats.jsonl
FT-LoRA,seed_3,core+papers-biology,code-lisp,forget,False,1.7886368036270142,0.19392678734876329,arch/100M/seed_3/20260527092657870351/stats.jsonl
FT-LoRA,seed_3,core+papers-nuclear,code-lisp,forget,False,1.7913912534713745,0.19272424781401354,arch/100M/seed_3/20260527092657870351/stats.jsonl
FT-LoRA,seed_3,core+papers-cyber,code-lisp,forget,False,1.7901643514633179,0.1932587137557284,arch/100M/seed_3/20260527092657870351/stats.jsonl
FT-LoRA,seed_3,code-lisp+core,code-lisp,retain,False,1.3988380432128906,0.52873707296805,arch/100M/seed_3/20260527092657870351/stats.jsonl
FT-LoRA,seed_3,core,core,core,False,2.4052529335021973,0.9182283782693127,arch/100M/seed_3/20260527092657870351/stats.jsonl
FT-LoRA,seed_3,code-lisp+core,core,core,False,2.423614025115967,0.8603957234341723,arch/100M/seed_3/20260527092657870351/stats.jsonl
FT-LoRA,seed_3,core+papers-biology,core,core,False,2.412226676940918,0.8957636827981866,arch/100M/seed_3/20260527092657870351/stats.jsonl
FT-LoRA,seed_3,core+papers-nuclear,core,core,False,2.4136362075805664,0.891298495486,arch/100M/seed_3/20260527092657870351/stats.jsonl
FT-LoRA,seed_3,core+papers-cyber,core,core,False,2.4043667316436768,0.9211281593048737,arch/100M/seed_3/20260527092657870351/stats.jsonl
FT-LoRA,seed_3,core,papers-biology,elicited_forget,True,3.0548877716064453,0.928900921779622,arch/100M/seed_3/20260527092657870351/stats.jsonl
FT-LoRA,seed_3,code-lisp+core,papers-biology,elicited_forget,True,3.0606470108032227,0.9142339074742104,arch/100M/seed_3/20260527092657870351/stats.jsonl
FT-LoRA,seed_3,core+papers-nuclear,papers-biology,elicited_forget,True,3.0537359714508057,0.9318658364436609,arch/100M/seed_3/20260527092657870351/stats.jsonl
FT-LoRA,seed_3,core+papers-cyber,papers-biology,elicited_forget,True,3.0529847145080566,0.93380542142623,arch/100M/seed_3/20260527092657870351/stats.jsonl
FT-LoRA,seed_3,core,papers-biology,forget,False,3.142878770828247,0.7308569050531492,arch/100M/seed_3/20260527092657870351/stats.jsonl
FT-LoRA,seed_3,code-lisp+core,papers-biology,forget,False,3.1656651496887207,0.6876499193220337,arch/100M/seed_3/20260527092657870351/stats.jsonl
FT-LoRA,seed_3,core+papers-nuclear,papers-biology,forget,False,3.1473355293273926,0.7221710824068869,arch/100M/seed_3/20260527092657870351/stats.jsonl
FT-LoRA,seed_3,core+papers-cyber,papers-biology,forget,False,3.147085189819336,0.722655879310078,arch/100M/seed_3/20260527092657870351/stats.jsonl
FT-LoRA,seed_3,core+papers-biology,papers-biology,retain,False,3.0625503063201904,0.909444172937564,arch/100M/seed_3/20260527092657870351/stats.jsonl
FT-LoRA,seed_3,core,papers-cyber,elicited_forget,True,3.321363925933838,0.9102173321133967,arch/100M/seed_3/20260527092657870351/stats.jsonl
FT-LoRA,seed_3,code-lisp+core,papers-cyber,elicited_forget,True,3.3282251358032227,0.8917278736390044,arch/100M/seed_3/20260527092657870351/stats.jsonl
FT-LoRA,seed_3,core+papers-biology,papers-cyber,elicited_forget,True,3.3226661682128906,0.906675713519673,arch/100M/seed_3/20260527092657870351/stats.jsonl
FT-LoRA,seed_3,core+papers-nuclear,papers-cyber,elicited_forget,True,3.3197615146636963,0.9145963190737842,arch/100M/seed_3/20260527092657870351/stats.jsonl
FT-LoRA,seed_3,core,papers-cyber,forget,False,3.375450611114502,0.7751933096169284,arch/100M/seed_3/20260527092657870351/stats.jsonl
FT-LoRA,seed_3,code-lisp+core,papers-cyber,forget,False,3.3956329822540283,0.7306222461263238,arch/100M/seed_3/20260527092657870351/stats.jsonl
FT-LoRA,seed_3,core+papers-biology,papers-cyber,forget,False,3.383563756942749,0.7569239294954994,arch/100M/seed_3/20260527092657870351/stats.jsonl
FT-LoRA,seed_3,core+papers-nuclear,papers-cyber,forget,False,3.3848659992218018,0.754036168706715,arch/100M/seed_3/20260527092657870351/stats.jsonl
FT-LoRA,seed_3,core+papers-cyber,papers-cyber,retain,False,3.3220653533935547,0.9083078102970988,arch/100M/seed_3/20260527092657870351/stats.jsonl
FT-LoRA,seed_3,core,papers-nuclear,elicited_forget,True,3.3614277839660645,0.9459566829233772,arch/100M/seed_3/20260527092657870351/stats.jsonl
FT-LoRA,seed_3,code-lisp+core,papers-nuclear,elicited_forget,True,3.369140625,0.9235697182431513,arch/100M/seed_3/20260527092657870351/stats.jsonl
FT-LoRA,seed_3,core+papers-biology,papers-nuclear,elicited_forget,True,3.361528158187866,0.9456615306770526,arch/100M/seed_3/20260527092657870351/stats.jsonl
FT-LoRA,seed_3,core+papers-cyber,papers-nuclear,elicited_forget,True,3.360426425933838,0.9489067557253397,arch/100M/seed_3/20260527092657870351/stats.jsonl
FT-LoRA,seed_3,core,papers-nuclear,forget,False,3.4431090354919434,0.7361804320726931,arch/100M/seed_3/20260527092657870351/stats.jsonl
FT-LoRA,seed_3,code-lisp+core,papers-nuclear,forget,False,3.4664463996887207,0.6860909791663169,arch/100M/seed_3/20260527092657870351/stats.jsonl
FT-LoRA,seed_3,core+papers-biology,papers-nuclear,forget,False,3.441706895828247,0.7393158595887568,arch/100M/seed_3/20260527092657870351/stats.jsonl
FT-LoRA,seed_3,core+papers-cyber,papers-nuclear,forget,False,3.4427084922790527,0.7370746169756289,arch/100M/seed_3/20260527092657870351/stats.jsonl
FT-LoRA,seed_3,core+papers-nuclear,papers-nuclear,retain,False,3.362229824066162,0.9436010996543244,arch/100M/seed_3/20260527092657870351/stats.jsonl
FT-MoE,seed_1,core,code-lisp,elicited_forget,True,1.2532802820205688,0.8310045047527933,arch/100M/seed_1/20260527043142471021/stats.jsonl
FT-MoE,seed_1,core+papers-biology,code-lisp,elicited_forget,True,1.2532051801681519,0.8312097666186723,arch/100M/seed_1/20260527043142471021/stats.jsonl
FT-MoE,seed_1,core+papers-nuclear,code-lisp,elicited_forget,True,1.2547825574874878,0.826911877300321,arch/100M/seed_1/20260527043142471021/stats.jsonl
FT-MoE,seed_1,core+papers-cyber,code-lisp,elicited_forget,True,1.2541066408157349,0.8287501461153245,arch/100M/seed_1/20260527043142471021/stats.jsonl
FT-MoE,seed_1,core,code-lisp,forget,False,1.7863332033157349,0.19493983656905992,arch/100M/seed_1/20260527043142471021/stats.jsonl
FT-MoE,seed_1,core+papers-biology,code-lisp,forget,False,1.7888370752334595,0.19383903124256013,arch/100M/seed_1/20260527043142471021/stats.jsonl
FT-MoE,seed_1,core+papers-nuclear,code-lisp,forget,False,1.7945963144302368,0.1913369024356218,arch/100M/seed_1/20260527043142471021/stats.jsonl
FT-MoE,seed_1,core+papers-cyber,code-lisp,forget,False,1.7850309610366821,0.19551550120772207,arch/100M/seed_1/20260527043142471021/stats.jsonl
FT-MoE,seed_1,code-lisp+core,code-lisp,retain,False,1.4579577445983887,0.44612421387330997,arch/100M/seed_1/20260527043142471021/stats.jsonl
FT-MoE,seed_1,core,core,core,False,2.4226021766662598,0.8634740848926171,arch/100M/seed_1/20260527043142471021/stats.jsonl
FT-MoE,seed_1,code-lisp+core,core,core,False,2.4409384727478027,0.8095564454226626,arch/100M/seed_1/20260527043142471021/stats.jsonl
FT-MoE,seed_1,core+papers-biology,core,core,False,2.426518678665161,0.8516271259203052,arch/100M/seed_1/20260527043142471021/stats.jsonl
FT-MoE,seed_1,core+papers-nuclear,core,core,False,2.431723117828369,0.8361658530530708,arch/100M/seed_1/20260527043142471021/stats.jsonl
FT-MoE,seed_1,core+papers-cyber,core,core,False,2.421621561050415,0.8664692361080405,arch/100M/seed_1/20260527043142471021/stats.jsonl
FT-MoE,seed_1,core,papers-biology,elicited_forget,True,3.056640625,0.9244091275241579,arch/100M/seed_1/20260527043142471021/stats.jsonl
FT-MoE,seed_1,code-lisp+core,papers-biology,elicited_forget,True,3.0601963996887207,0.9153720395197761,arch/100M/seed_1/20260527043142471021/stats.jsonl
FT-MoE,seed_1,core+papers-nuclear,papers-biology,elicited_forget,True,3.0572915077209473,0.9227474212430877,arch/100M/seed_1/20260527043142471021/stats.jsonl
FT-MoE,seed_1,core+papers-cyber,papers-biology,elicited_forget,True,3.0565905570983887,0.9245370903489658,arch/100M/seed_1/20260527043142471021/stats.jsonl
FT-MoE,seed_1,core,papers-biology,forget,False,3.1429786682128906,0.7306609300270448,arch/100M/seed_1/20260527043142471021/stats.jsonl
FT-MoE,seed_1,code-lisp+core,papers-biology,forget,False,3.1613080501556396,0.6956842828114156,arch/100M/seed_1/20260527043142471021/stats.jsonl
FT-MoE,seed_1,core+papers-nuclear,papers-biology,forget,False,3.1480870246887207,0.7207179663905936,arch/100M/seed_1/20260527043142471021/stats.jsonl
FT-MoE,seed_1,core+papers-cyber,papers-biology,forget,False,3.1440303325653076,0.7286013993014337,arch/100M/seed_1/20260527043142471021/stats.jsonl
FT-MoE,seed_1,core+papers-biology,papers-biology,retain,False,3.0818307399749756,0.8624823425102233,arch/100M/seed_1/20260527043142471021/stats.jsonl
FT-MoE,seed_1,core,papers-cyber,elicited_forget,True,3.32692289352417,0.8952049360668826,arch/100M/seed_1/20260527043142471021/stats.jsonl
FT-MoE,seed_1,code-lisp+core,papers-cyber,elicited_forget,True,3.3322315216064453,0.8811239520523393,arch/100M/seed_1/20260527043142471021/stats.jsonl
FT-MoE,seed_1,core+papers-biology,papers-cyber,elicited_forget,True,3.3274738788604736,0.89373194583535,arch/100M/seed_1/20260527043142471021/stats.jsonl
FT-MoE,seed_1,core+papers-nuclear,papers-cyber,elicited_forget,True,3.3273234367370605,0.8941338676771917,arch/100M/seed_1/20260527043142471021/stats.jsonl
FT-MoE,seed_1,core,papers-cyber,forget,False,3.3814101219177246,0.7617265972324367,arch/100M/seed_1/20260527043142471021/stats.jsonl
FT-MoE,seed_1,code-lisp+core,papers-cyber,forget,False,3.3989384174346924,0.7235966999451658,arch/100M/seed_1/20260527043142471021/stats.jsonl
FT-MoE,seed_1,core+papers-biology,papers-cyber,forget,False,3.3848154544830322,0.754148025261108,arch/100M/seed_1/20260527043142471021/stats.jsonl
FT-MoE,seed_1,core+papers-nuclear,papers-cyber,forget,False,3.391376256942749,0.739781281029247,arch/100M/seed_1/20260527043142471021/stats.jsonl
FT-MoE,seed_1,core+papers-cyber,papers-cyber,retain,False,3.3413960933685303,0.8573883273670848,arch/100M/seed_1/20260527043142471021/stats.jsonl
FT-MoE,seed_1,core,papers-nuclear,elicited_forget,True,3.370042324066162,0.9209908136028161,arch/100M/seed_1/20260527043142471021/stats.jsonl
FT-MoE,seed_1,code-lisp+core,papers-nuclear,elicited_forget,True,3.375450611114502,0.9056883324839481,arch/100M/seed_1/20260527043142471021/stats.jsonl
FT-MoE,seed_1,core+papers-biology,papers-nuclear,elicited_forget,True,3.3705930709838867,0.9194195522497498,arch/100M/seed_1/20260527043142471021/stats.jsonl
FT-MoE,seed_1,core+papers-cyber,papers-nuclear,elicited_forget,True,3.370192527770996,0.9205619946520252,arch/100M/seed_1/20260527043142471021/stats.jsonl
FT-MoE,seed_1,core,papers-nuclear,forget,False,3.4506711959838867,0.7195210319324368,arch/100M/seed_1/20260527043142471021/stats.jsonl
FT-MoE,seed_1,code-lisp+core,papers-nuclear,forget,False,3.4700520038604736,0.6786931727240948,arch/100M/seed_1/20260527043142471021/stats.jsonl
FT-MoE,seed_1,core+papers-biology,papers-nuclear,forget,False,3.4489684104919434,0.7232356549990444,arch/100M/seed_1/20260527043142471021/stats.jsonl
FT-MoE,seed_1,core+papers-cyber,papers-nuclear,forget,False,3.4487178325653076,0.7237840738277143,arch/100M/seed_1/20260527043142471021/stats.jsonl
FT-MoE,seed_1,core+papers-nuclear,papers-nuclear,retain,False,3.3860676288604736,0.8764560613335093,arch/100M/seed_1/20260527043142471021/stats.jsonl
FT-MoE,seed_2,core,code-lisp,elicited_forget,True,1.255897045135498,0.8238919440670476,arch/100M/seed_2/20260527065853490953/stats.jsonl
FT-MoE,seed_2,core+papers-biology,code-lisp,elicited_forget,True,1.2565605640411377,0.8221005415053386,arch/100M/seed_2/20260527065853490953/stats.jsonl
FT-MoE,seed_2,core+papers-nuclear,code-lisp,elicited_forget,True,1.2570738792419434,0.82071800206137,arch/100M/seed_2/20260527065853490953/stats.jsonl
FT-MoE,seed_2,core+papers-cyber,code-lisp,elicited_forget,True,1.2564979791641235,0.8222693035324053,arch/100M/seed_2/20260527065853490953/stats.jsonl
FT-MoE,seed_2,core,code-lisp,forget,False,1.7894881963729858,0.19355406849097698,arch/100M/seed_2/20260527065853490953/stats.jsonl
FT-MoE,seed_2,core+papers-biology,code-lisp,forget,False,1.7952724695205688,0.19104584703770586,arch/100M/seed_2/20260527065853490953/stats.jsonl
FT-MoE,seed_2,core+papers-nuclear,code-lisp,forget,False,1.7954226732254028,0.1909812674026369,arch/100M/seed_2/20260527065853490953/stats.jsonl
FT-MoE,seed_2,core+papers-cyber,code-lisp,forget,False,1.792818546295166,0.19210485240898495,arch/100M/seed_2/20260527065853490953/stats.jsonl
FT-MoE,seed_2,code-lisp+core,code-lisp,retain,False,1.4533252716064453,0.4519847301426658,arch/100M/seed_2/20260527065853490953/stats.jsonl
FT-MoE,seed_2,core,core,core,False,2.430208921432495,0.8406314303112015,arch/100M/seed_2/20260527065853490953/stats.jsonl
FT-MoE,seed_2,code-lisp+core,core,core,False,2.4527480602264404,0.7768367424218757,arch/100M/seed_2/20260527065853490953/stats.jsonl
FT-MoE,seed_2,core+papers-biology,core,core,False,2.436037302017212,0.8235881813358971,arch/100M/seed_2/20260527065853490953/stats.jsonl
FT-MoE,seed_2,core+papers-nuclear,core,core,False,2.437504291534424,0.8193598311346129,arch/100M/seed_2/20260527065853490953/stats.jsonl
FT-MoE,seed_2,core+papers-cyber,core,core,False,2.4301633834838867,0.8407661425090778,arch/100M/seed_2/20260527065853490953/stats.jsonl
FT-MoE,seed_2,core,papers-biology,elicited_forget,True,3.0540366172790527,0.9310909021860683,arch/100M/seed_2/20260527065853490953/stats.jsonl
FT-MoE,seed_2,code-lisp+core,papers-biology,elicited_forget,True,3.0580427646636963,0.9208336321954148,arch/100M/seed_2/20260527065853490953/stats.jsonl
FT-MoE,seed_2,core+papers-nuclear,papers-biology,elicited_forget,True,3.0561399459838867,0.9256896522265644,arch/100M/seed_2/20260527065853490953/stats.jsonl
FT-MoE,seed_2,core+papers-cyber,papers-biology,elicited_forget,True,3.0539865493774414,0.9312199051854118,arch/100M/seed_2/20260527065853490953/stats.jsonl
FT-MoE,seed_2,core,papers-biology,forget,False,3.1447818279266357,0.7271337093651051,arch/100M/seed_2/20260527065853490953/stats.jsonl
FT-MoE,seed_2,code-lisp+core,papers-biology,forget,False,3.1696715354919434,0.680354393205651,arch/100M/seed_2/20260527065853490953/stats.jsonl
FT-MoE,seed_2,core+papers-nuclear,papers-biology,forget,False,3.147686243057251,0.7214925207568319,arch/100M/seed_2/20260527065853490953/stats.jsonl
FT-MoE,seed_2,core+papers-cyber,papers-biology,forget,False,3.1483874320983887,0.7201380100624487,arch/100M/seed_2/20260527065853490953/stats.jsonl
FT-MoE,seed_2,core+papers-biology,papers-biology,retain,False,3.0827324390411377,0.8603537585328229,arch/100M/seed_2/20260527065853490953/stats.jsonl
FT-MoE,seed_2,core,papers-cyber,elicited_forget,True,3.3303284645080566,0.8861433790393743,arch/100M/seed_2/20260527065853490953/stats.jsonl
FT-MoE,seed_2,code-lisp+core,papers-cyber,elicited_forget,True,3.3359375,0.8714392494257834,arch/100M/seed_2/20260527065853490953/stats.jsonl
FT-MoE,seed_2,core+papers-biology,papers-cyber,elicited_forget,True,3.332181453704834,0.8812556054769914,arch/100M/seed_2/20260527065853490953/stats.jsonl
FT-MoE,seed_2,core+papers-nuclear,papers-cyber,elicited_forget,True,3.3309295177459717,0.8845546550792455,arch/100M/seed_2/20260527065853490953/stats.jsonl
FT-MoE,seed_2,core,papers-cyber,forget,False,3.391075849533081,0.7404324451976256,arch/100M/seed_2/20260527065853490953/stats.jsonl
FT-MoE,seed_2,code-lisp+core,papers-cyber,forget,False,3.4147136211395264,0.6910823171001105,arch/100M/seed_2/20260527065853490953/stats.jsonl
FT-MoE,seed_2,core+papers-biology,papers-cyber,forget,False,3.3966851234436035,0.7283778042822767,arch/100M/seed_2/20260527065853490953/stats.jsonl
FT-MoE,seed_2,core+papers-nuclear,papers-cyber,forget,False,3.399188756942749,0.7230676720099082,arch/100M/seed_2/20260527065853490953/stats.jsonl
FT-MoE,seed_2,core+papers-cyber,papers-cyber,retain,False,3.3455028533935547,0.8469824078256565,arch/100M/seed_2/20260527065853490953/stats.jsonl
FT-MoE,seed_2,core,papers-nuclear,elicited_forget,True,3.3729965686798096,0.9125969344139844,arch/100M/seed_2/20260527065853490953/stats.jsonl
FT-MoE,seed_2,code-lisp+core,papers-nuclear,elicited_forget,True,3.3782050609588623,0.8980025715785622,arch/100M/seed_2/20260527065853490953/stats.jsonl
FT-MoE,seed_2,core+papers-biology,papers-nuclear,elicited_forget,True,3.372596025466919,0.9137300415727768,arch/100M/seed_2/20260527065853490953/stats.jsonl
FT-MoE,seed_2,core+papers-cyber,papers-nuclear,elicited_forget,True,3.3728463649749756,0.9130216681104841,arch/100M/seed_2/20260527065853490953/stats.jsonl
FT-MoE,seed_2,core,papers-nuclear,forget,False,3.456430196762085,0.7071129221525275,arch/100M/seed_2/20260527065853490953/stats.jsonl
FT-MoE,seed_2,code-lisp+core,papers-nuclear,forget,False,3.4823718070983887,0.6540727471996689,arch/100M/seed_2/20260527065853490953/stats.jsonl
FT-MoE,seed_2,core+papers-biology,papers-nuclear,forget,False,3.4545774459838867,0.71107883245816,arch/100M/seed_2/20260527065853490953/stats.jsonl
FT-MoE,seed_2,core+papers-cyber,papers-nuclear,forget,False,3.4569811820983887,0.7059382221490033,arch/100M/seed_2/20260527065853490953/stats.jsonl
FT-MoE,seed_2,core+papers-nuclear,papers-nuclear,retain,False,3.395883321762085,0.8503528110896579,arch/100M/seed_2/20260527065853490953/stats.jsonl
FT-MoE,seed_3,core,code-lisp,elicited_forget,True,1.2670396566390991,0.7944429312703052,arch/100M/seed_3/20260527092657870351/stats.jsonl
FT-MoE,seed_3,core+papers-biology,code-lisp,elicited_forget,True,1.2677909135818481,0.7925050899565493,arch/100M/seed_3/20260527092657870351/stats.jsonl
FT-MoE,seed_3,core+papers-nuclear,code-lisp,elicited_forget,True,1.2691181898117065,0.7890958317512592,arch/100M/seed_3/20260527092657870351/stats.jsonl
FT-MoE,seed_3,core+papers-cyber,code-lisp,elicited_forget,True,1.2676657438278198,0.7928275508570802,arch/100M/seed_3/20260527092657870351/stats.jsonl
FT-MoE,seed_3,core,code-lisp,forget,False,1.805138111114502,0.18686254206812813,arch/100M/seed_3/20260527092657870351/stats.jsonl
FT-MoE,seed_3,core+papers-biology,code-lisp,forget,False,1.8055388927459717,0.18669507779440836,arch/100M/seed_3/20260527092657870351/stats.jsonl
FT-MoE,seed_3,core+papers-nuclear,code-lisp,forget,False,1.8048126697540283,0.1869986666580843,arch/100M/seed_3/20260527092657870351/stats.jsonl
FT-MoE,seed_3,core+papers-cyber,code-lisp,forget,False,1.8061647415161133,0.186433952741916,arch/100M/seed_3/20260527092657870351/stats.jsonl
FT-MoE,seed_3,code-lisp+core,code-lisp,retain,False,1.470703125,0.43048501095369524,arch/100M/seed_3/20260527092657870351/stats.jsonl
FT-MoE,seed_3,core,core,core,False,2.4138193130493164,0.8907202808596041,arch/100M/seed_3/20260527092657870351/stats.jsonl
FT-MoE,seed_3,code-lisp+core,core,core,False,2.432983875274658,0.8324680315618459,arch/100M/seed_3/20260527092657870351/stats.jsonl
FT-MoE,seed_3,core+papers-biology,core,core,False,2.4196560382843018,0.8725078508593276,arch/100M/seed_3/20260527092657870351/stats.jsonl
FT-MoE,seed_3,core+papers-nuclear,core,core,False,2.420783042907715,0.8690396289805513,arch/100M/seed_3/20260527092657870351/stats.jsonl
FT-MoE,seed_3,core+papers-cyber,core,core,False,2.4139328002929688,0.8903621197272873,arch/100M/seed_3/20260527092657870351/stats.jsonl
FT-MoE,seed_3,core,papers-biology,elicited_forget,True,3.062049388885498,0.9107020146965726,arch/100M/seed_3/20260527092657870351/stats.jsonl
FT-MoE,seed_3,code-lisp+core,papers-biology,elicited_forget,True,3.0668067932128906,0.8988342705336642,arch/100M/seed_3/20260527092657870351/stats.jsonl
FT-MoE,seed_3,core+papers-nuclear,papers-biology,elicited_forget,True,3.062950611114502,0.9084403811398563,arch/100M/seed_3/20260527092657870351/stats.jsonl
FT-MoE,seed_3,core+papers-cyber,papers-biology,elicited_forget,True,3.0605969429016113,0.9143602879984589,arch/100M/seed_3/20260527092657870351/stats.jsonl
FT-MoE,seed_3,core,papers-biology,forget,False,3.1531453132629395,0.7110223198235835,arch/100M/seed_3/20260527092657870351/stats.jsonl
FT-MoE,seed_3,code-lisp+core,papers-biology,forget,False,3.1752305030822754,0.6703756300561305,arch/100M/seed_3/20260527092657870351/stats.jsonl
FT-MoE,seed_3,core+papers-nuclear,papers-biology,forget,False,3.1547975540161133,0.7078872200237735,arch/100M/seed_3/20260527092657870351/stats.jsonl
FT-MoE,seed_3,core+papers-cyber,papers-biology,forget,False,3.154897689819336,0.7076977148596004,arch/100M/seed_3/20260527092657870351/stats.jsonl
FT-MoE,seed_3,core+papers-biology,papers-biology,retain,False,3.08668851852417,0.851084448141925,arch/100M/seed_3/20260527092657870351/stats.jsonl
FT-MoE,seed_3,core,papers-cyber,elicited_forget,True,3.3337841033935547,0.8770522234861817,arch/100M/seed_3/20260527092657870351/stats.jsonl
FT-MoE,seed_3,code-lisp+core,papers-cyber,elicited_forget,True,3.3391427993774414,0.8631578973650901,arch/100M/seed_3/20260527092657870351/stats.jsonl
FT-MoE,seed_3,core+papers-biology,papers-cyber,elicited_forget,True,3.3344850540161133,0.8752207685806258,arch/100M/seed_3/20260527092657870351/stats.jsonl
FT-MoE,seed_3,core+papers-nuclear,papers-cyber,elicited_forget,True,3.3323817253112793,0.8807291223396893,arch/100M/seed_3/20260527092657870351/stats.jsonl
FT-MoE,seed_3,core,papers-cyber,forget,False,3.3878705501556396,0.7474199327334623,arch/100M/seed_3/20260527092657870351/stats.jsonl
FT-MoE,seed_3,code-lisp+core,papers-cyber,forget,False,3.4096052646636963,0.7014304291028294,arch/100M/seed_3/20260527092657870351/stats.jsonl
FT-MoE,seed_3,core+papers-biology,papers-cyber,forget,False,3.3942809104919434,0.7335177615223589,arch/100M/seed_3/20260527092657870351/stats.jsonl
FT-MoE,seed_3,core+papers-nuclear,papers-cyber,forget,False,3.394230604171753,0.733625739533975,arch/100M/seed_3/20260527092657870351/stats.jsonl
FT-MoE,seed_3,core+papers-cyber,papers-cyber,retain,False,3.3468551635742188,0.8435865081123127,arch/100M/seed_3/20260527092657870351/stats.jsonl
FT-MoE,seed_3,core,papers-nuclear,elicited_forget,True,3.370192289352417,0.9205626751427355,arch/100M/seed_3/20260527092657870351/stats.jsonl
FT-MoE,seed_3,code-lisp+core,papers-nuclear,elicited_forget,True,3.3761520385742188,0.9037242809397334,arch/100M/seed_3/20260527092657870351/stats.jsonl
FT-MoE,seed_3,core+papers-biology,papers-nuclear,elicited_forget,True,3.370793342590332,0.9188489167586038,arch/100M/seed_3/20260527092657870351/stats.jsonl
FT-MoE,seed_3,core+papers-cyber,papers-nuclear,elicited_forget,True,3.369441270828247,0.922708973233615,arch/100M/seed_3/20260527092657870351/stats.jsonl
FT-MoE,seed_3,core,papers-nuclear,forget,False,3.4497694969177246,0.721485457791907,arch/100M/seed_3/20260527092657870351/stats.jsonl
FT-MoE,seed_3,code-lisp+core,papers-nuclear,forget,False,3.475961685180664,0.6667576489224932,arch/100M/seed_3/20260527092657870351/stats.jsonl
FT-MoE,seed_3,core+papers-biology,papers-nuclear,forget,False,3.4482169151306152,0.7248817654642259,arch/100M/seed_3/20260527092657870351/stats.jsonl
FT-MoE,seed_3,core+papers-cyber,papers-nuclear,forget,False,3.4487180709838867,0.7237835518030235,arch/100M/seed_3/20260527092657870351/stats.jsonl
FT-MoE,seed_3,core+papers-nuclear,papers-nuclear,retain,False,3.3880207538604736,0.8711924827112562,arch/100M/seed_3/20260527092657870351/stats.jsonl
GR-LoRA,seed_1,core,code-lisp,elicited_forget,True,1.2161458730697632,0.9407122024223937,arch/100M/seed_1/20260527043142471021/stats.jsonl
GR-LoRA,seed_1,core+papers-biology,code-lisp,elicited_forget,True,1.2154948711395264,0.9427918096791498,arch/100M/seed_1/20260527043142471021/stats.jsonl
GR-LoRA,seed_1,core+papers-nuclear,code-lisp,elicited_forget,True,1.2155698537826538,0.9425519876757493,arch/100M/seed_1/20260527043142471021/stats.jsonl
GR-LoRA,seed_1,core+papers-cyber,code-lisp,elicited_forget,True,1.2147811651229858,0.9450783185410566,arch/100M/seed_1/20260527043142471021/stats.jsonl
GR-LoRA,seed_1,core,code-lisp,forget,False,1.5614733695983887,0.33690237407664225,arch/100M/seed_1/20260527043142471021/stats.jsonl
GR-LoRA,seed_1,core+papers-biology,code-lisp,forget,False,1.5636519193649292,0.3349885614293403,arch/100M/seed_1/20260527043142471021/stats.jsonl
GR-LoRA,seed_1,core+papers-nuclear,code-lisp,forget,False,1.5621243715286255,0.3363290427048347,arch/100M/seed_1/20260527043142471021/stats.jsonl
GR-LoRA,seed_1,core+papers-cyber,code-lisp,forget,False,1.5620492696762085,0.3363951214873383,arch/100M/seed_1/20260527043142471021/stats.jsonl
GR-LoRA,seed_1,code-lisp+core,code-lisp,retain,False,1.4057867527008057,0.5180849007099849,arch/100M/seed_1/20260527043142471021/stats.jsonl
GR-LoRA,seed_1,core,core,core,False,2.416063070297241,0.883668998051554,arch/100M/seed_1/20260527043142471021/stats.jsonl
GR-LoRA,seed_1,code-lisp+core,core,core,False,2.4198293685913086,0.871973437325826,arch/100M/seed_1/20260527043142471021/stats.jsonl
GR-LoRA,seed_1,core+papers-biology,core,core,False,2.4175915718078613,0.8789013989460558,arch/100M/seed_1/20260527043142471021/stats.jsonl
GR-LoRA,seed_1,core+papers-nuclear,core,core,False,2.4167160987854004,0.8816285705213699,arch/100M/seed_1/20260527043142471021/stats.jsonl
GR-LoRA,seed_1,core+papers-cyber,core,core,False,2.416116714477539,0.8835011837182972,arch/100M/seed_1/20260527043142471021/stats.jsonl
GR-LoRA,seed_1,core,papers-biology,elicited_forget,True,3.0162758827209473,1.0343453718191649,arch/100M/seed_1/20260527043142471021/stats.jsonl
GR-LoRA,seed_1,code-lisp+core,papers-biology,elicited_forget,True,3.0182290077209473,1.0286995570870578,arch/100M/seed_1/20260527043142471021/stats.jsonl
GR-LoRA,seed_1,core+papers-nuclear,papers-biology,elicited_forget,True,3.0168771743774414,1.032603543567128,arch/100M/seed_1/20260527043142471021/stats.jsonl
GR-LoRA,seed_1,core+papers-cyber,papers-biology,elicited_forget,True,3.0169272422790527,1.0324586550028954,arch/100M/seed_1/20260527043142471021/stats.jsonl
GR-LoRA,seed_1,core,papers-biology,forget,False,3.074519157409668,0.8799627121930393,arch/100M/seed_1/20260527043142471021/stats.jsonl
GR-LoRA,seed_1,code-lisp+core,papers-biology,forget,False,3.0776243209838867,0.8724907436144407,arch/100M/seed_1/20260527043142471021/stats.jsonl
GR-LoRA,seed_1,core+papers-nuclear,papers-biology,forget,False,3.074518918991089,0.8799632886563606,arch/100M/seed_1/20260527043142471021/stats.jsonl
GR-LoRA,seed_1,core+papers-cyber,papers-biology,forget,False,3.076021432876587,0.876338833214281,arch/100M/seed_1/20260527043142471021/stats.jsonl
GR-LoRA,seed_1,core+papers-biology,papers-biology,retain,False,3.0487279891967773,0.9448814441789583,arch/100M/seed_1/20260527043142471021/stats.jsonl
GR-LoRA,seed_1,core,papers-cyber,elicited_forget,True,3.307692766189575,0.9483359036308252,arch/100M/seed_1/20260527043142471021/stats.jsonl
GR-LoRA,seed_1,code-lisp+core,papers-cyber,elicited_forget,True,3.3096954822540283,0.9426430615789488,arch/100M/seed_1/20260527043142471021/stats.jsonl
GR-LoRA,seed_1,core+papers-biology,papers-cyber,elicited_forget,True,3.308293581008911,0.9466240682365188,arch/100M/seed_1/20260527043142471021/stats.jsonl
GR-LoRA,seed_1,core+papers-nuclear,papers-cyber,elicited_forget,True,3.3072917461395264,0.9494803910786971,arch/100M/seed_1/20260527043142471021/stats.jsonl
GR-LoRA,seed_1,core,papers-cyber,forget,False,3.3554189205169678,0.8224280885839359,arch/100M/seed_1/20260527043142471021/stats.jsonl
GR-LoRA,seed_1,code-lisp+core,papers-cyber,forget,False,3.3604767322540283,0.8102081290084021,arch/100M/seed_1/20260527043142471021/stats.jsonl
GR-LoRA,seed_1,core+papers-biology,papers-cyber,forget,False,3.357271671295166,0.8179282144339749,arch/100M/seed_1/20260527043142471021/stats.jsonl
GR-LoRA,seed_1,core+papers-nuclear,papers-cyber,forget,False,3.3552186489105225,0.8229161378602378,arch/100M/seed_1/20260527043142471021/stats.jsonl
GR-LoRA,seed_1,core+papers-cyber,papers-cyber,retain,False,3.343599557876587,0.851787594070703,arch/100M/seed_1/20260527043142471021/stats.jsonl
GR-LoRA,seed_1,core,papers-nuclear,elicited_forget,True,3.344801664352417,0.996275530462195,arch/100M/seed_1/20260527043142471021/stats.jsonl
GR-LoRA,seed_1,code-lisp+core,papers-nuclear,elicited_forget,True,3.3462538719177246,0.9917649977149642,arch/100M/seed_1/20260527043142471021/stats.jsonl
GR-LoRA,seed_1,core+papers-biology,papers-nuclear,elicited_forget,True,3.345252513885498,0.9948727863570035,arch/100M/seed_1/20260527043142471021/stats.jsonl
GR-LoRA,seed_1,core+papers-cyber,papers-nuclear,elicited_forget,True,3.344951868057251,0.9958079546157325,arch/100M/seed_1/20260527043142471021/stats.jsonl
GR-LoRA,seed_1,core,papers-nuclear,forget,False,3.410005807876587,0.8142870242351183,arch/100M/seed_1/20260527043142471021/stats.jsonl
GR-LoRA,seed_1,code-lisp+core,papers-nuclear,forget,False,3.414663314819336,0.8027651333860127,arch/100M/seed_1/20260527043142471021/stats.jsonl
GR-LoRA,seed_1,core+papers-biology,papers-nuclear,forget,False,3.409254789352417,0.8161619285307172,arch/100M/seed_1/20260527043142471021/stats.jsonl
GR-LoRA,seed_1,core+papers-cyber,papers-nuclear,forget,False,3.409705400466919,0.815036415622121,arch/100M/seed_1/20260527043142471021/stats.jsonl
GR-LoRA,seed_1,core+papers-nuclear,papers-nuclear,retain,False,3.3864681720733643,0.8753737669562033,arch/100M/seed_1/20260527043142471021/stats.jsonl
GR-LoRA,seed_2,core,code-lisp,elicited_forget,True,1.2134915590286255,0.9492274174893691,arch/100M/seed_2/20260527065853490953/stats.jsonl
GR-LoRA,seed_2,core+papers-biology,code-lisp,elicited_forget,True,1.213040828704834,0.9506829268388028,arch/100M/seed_2/20260527065853490953/stats.jsonl
GR-LoRA,seed_2,core+papers-nuclear,code-lisp,elicited_forget,True,1.2125650644302368,0.9522222982476399,arch/100M/seed_2/20260527065853490953/stats.jsonl
GR-LoRA,seed_2,core+papers-cyber,code-lisp,elicited_forget,True,1.212965726852417,0.9509257181148981,arch/100M/seed_2/20260527065853490953/stats.jsonl
GR-LoRA,seed_2,core,code-lisp,forget,False,1.521409273147583,0.37468424248451976,arch/100M/seed_2/20260527065853490953/stats.jsonl
GR-LoRA,seed_2,core+papers-biology,code-lisp,forget,False,1.5228365659713745,0.3732492914872865,arch/100M/seed_2/20260527065853490953/stats.jsonl
GR-LoRA,seed_2,core+papers-nuclear,code-lisp,forget,False,1.5199568271636963,0.3761516096612463,arch/100M/seed_2/20260527065853490953/stats.jsonl
GR-LoRA,seed_2,core+papers-cyber,code-lisp,forget,False,1.5206830501556396,0.3754170246746763,arch/100M/seed_2/20260527065853490953/stats.jsonl
GR-LoRA,seed_2,code-lisp+core,code-lisp,retain,False,1.3605643510818481,0.5925905825767569,arch/100M/seed_2/20260527065853490953/stats.jsonl
GR-LoRA,seed_2,core,core,core,False,2.4209375381469727,0.8685653964214791,arch/100M/seed_2/20260527065853490953/stats.jsonl
GR-LoRA,seed_2,code-lisp+core,core,core,False,2.4248995780944824,0.8565024333008862,arch/100M/seed_2/20260527065853490953/stats.jsonl
GR-LoRA,seed_2,core+papers-biology,core,core,False,2.4231112003326416,0.8619239309767779,arch/100M/seed_2/20260527065853490953/stats.jsonl
GR-LoRA,seed_2,core+papers-nuclear,core,core,False,2.4218173027038574,0.8658704399507178,arch/100M/seed_2/20260527065853490953/stats.jsonl
GR-LoRA,seed_2,core+papers-cyber,core,core,False,2.420795440673828,0.869001562549895,arch/100M/seed_2/20260527065853490953/stats.jsonl
GR-LoRA,seed_2,core,papers-biology,elicited_forget,True,3.0308995246887207,0.9929033669653304,arch/100M/seed_2/20260527065853490953/stats.jsonl
GR-LoRA,seed_2,code-lisp+core,papers-biology,elicited_forget,True,3.033503532409668,0.9857212794889214,arch/100M/seed_2/20260527065853490953/stats.jsonl
GR-LoRA,seed_2,core+papers-nuclear,papers-biology,elicited_forget,True,3.031400442123413,0.9915172362766776,arch/100M/seed_2/20260527065853490953/stats.jsonl
GR-LoRA,seed_2,core+papers-cyber,papers-biology,elicited_forget,True,3.0317509174346924,0.9905486995137767,arch/100M/seed_2/20260527065853490953/stats.jsonl
GR-LoRA,seed_2,core,papers-biology,forget,False,3.0989584922790527,0.8230420123428543,arch/100M/seed_2/20260527065853490953/stats.jsonl
GR-LoRA,seed_2,code-lisp+core,papers-biology,forget,False,3.1020631790161133,0.8161121868958142,arch/100M/seed_2/20260527065853490953/stats.jsonl
GR-LoRA,seed_2,core+papers-nuclear,papers-biology,forget,False,3.0992088317871094,0.822480794521111,arch/100M/seed_2/20260527065853490953/stats.jsonl
GR-LoRA,seed_2,core+papers-cyber,papers-biology,forget,False,3.099308967590332,0.8222564279381351,arch/100M/seed_2/20260527065853490953/stats.jsonl
GR-LoRA,seed_2,core+papers-biology,papers-biology,retain,False,3.0808794498443604,0.8647344151385663,arch/100M/seed_2/20260527065853490953/stats.jsonl
GR-LoRA,seed_2,core,papers-cyber,elicited_forget,True,3.3026843070983887,0.9627399295604633,arch/100M/seed_2/20260527065853490953/stats.jsonl
GR-LoRA,seed_2,code-lisp+core,papers-cyber,elicited_forget,True,3.3044869899749756,0.9575278359787934,arch/100M/seed_2/20260527065853490953/stats.jsonl
GR-LoRA,seed_2,core+papers-biology,papers-cyber,elicited_forget,True,3.3039863109588623,0.9589723111352849,arch/100M/seed_2/20260527065853490953/stats.jsonl
GR-LoRA,seed_2,core+papers-nuclear,papers-cyber,elicited_forget,True,3.302884578704834,0.9621593382006743,arch/100M/seed_2/20260527065853490953/stats.jsonl
GR-LoRA,seed_2,core,papers-cyber,forget,False,3.3487582206726074,0.8388330796510305,arch/100M/seed_2/20260527065853490953/stats.jsonl
GR-LoRA,seed_2,code-lisp+core,papers-cyber,forget,False,3.3532650470733643,0.8276937960791175,arch/100M/seed_2/20260527065853490953/stats.jsonl
GR-LoRA,seed_2,core+papers-biology,papers-cyber,forget,False,3.3510115146636963,0.8332431283239887,arch/100M/seed_2/20260527065853490953/stats.jsonl
GR-LoRA,seed_2,core+papers-nuclear,papers-cyber,forget,False,3.3495593070983887,0.8368410103533503,arch/100M/seed_2/20260527065853490953/stats.jsonl
GR-LoRA,seed_2,core+papers-cyber,papers-cyber,retain,False,3.3346855640411377,0.8746976515356963,arch/100M/seed_2/20260527065853490953/stats.jsonl
GR-LoRA,seed_2,core,papers-nuclear,elicited_forget,True,3.353665828704834,0.9690910759187148,arch/100M/seed_2/20260527065853490953/stats.jsonl
GR-LoRA,seed_2,code-lisp+core,papers-nuclear,elicited_forget,True,3.3549180030822754,0.965317211125975,arch/100M/seed_2/20260527065853490953/stats.jsonl
GR-LoRA,seed_2,core+papers-biology,papers-nuclear,elicited_forget,True,3.3546173572540283,0.9662218337107714,arch/100M/seed_2/20260527065853490953/stats.jsonl
GR-LoRA,seed_2,core+papers-cyber,papers-nuclear,elicited_forget,True,3.3537662029266357,0.9687879649596547,arch/100M/seed_2/20260527065853490953/stats.jsonl
GR-LoRA,seed_2,core,papers-nuclear,forget,False,3.42112398147583,0.787079019001949,arch/100M/seed_2/20260527065853490953/stats.jsonl
GR-LoRA,seed_2,code-lisp+core,papers-nuclear,forget,False,3.4255807399749756,0.7764553293259433,arch/100M/seed_2/20260527065853490953/stats.jsonl
GR-LoRA,seed_2,core+papers-biology,papers-nuclear,forget,False,3.4219751358032227,0.7850377822541025,arch/100M/seed_2/20260527065853490953/stats.jsonl
GR-LoRA,seed_2,core+papers-cyber,papers-nuclear,forget,False,3.4207231998443604,0.78804219869922,arch/100M/seed_2/20260527065853490953/stats.jsonl
GR-LoRA,seed_2,core+papers-nuclear,papers-nuclear,retain,False,3.405949831008911,0.8244694357795985,arch/100M/seed_2/20260527065853490953/stats.jsonl
GR-LoRA,seed_3,core,code-lisp,elicited_forget,True,1.2492238283157349,0.8421824606719984,arch/100M/seed_3/20260527092657870351/stats.jsonl
GR-LoRA,seed_3,core+papers-biology,code-lisp,elicited_forget,True,1.2479217052459717,0.8458103369048603,arch/100M/seed_3/20260527092657870351/stats.jsonl
GR-LoRA,seed_3,core+papers-nuclear,code-lisp,elicited_forget,True,1.248084545135498,0.8453555789249466,arch/100M/seed_3/20260527092657870351/stats.jsonl
GR-LoRA,seed_3,core+papers-cyber,code-lisp,elicited_forget,True,1.2480218410491943,0.8455306545639506,arch/100M/seed_3/20260527092657870351/stats.jsonl
GR-LoRA,seed_3,core,code-lisp,forget,False,1.662184476852417,0.26110105092816976,arch/100M/seed_3/20260527092657870351/stats.jsonl
GR-LoRA,seed_3,core+papers-biology,code-lisp,forget,False,1.6634615659713745,0.2602863722956587,arch/100M/seed_3/20260527092657870351/stats.jsonl
GR-LoRA,seed_3,core+papers-nuclear,code-lisp,forget,False,1.6651391983032227,0.2592210581129204,arch/100M/seed_3/20260527092657870351/stats.jsonl
GR-LoRA,seed_3,core+papers-cyber,code-lisp,forget,False,1.6640874147415161,0.2598883054395737,arch/100M/seed_3/20260527092657870351/stats.jsonl
GR-LoRA,seed_3,code-lisp+core,code-lisp,retain,False,1.496569275856018,0.40080553171744526,arch/100M/seed_3/20260527092657870351/stats.jsonl
GR-LoRA,seed_3,core,core,core,False,2.4032111167907715,0.9249249578682293,arch/100M/seed_3/20260527092657870351/stats.jsonl
GR-LoRA,seed_3,code-lisp+core,core,core,False,2.4065279960632324,0.9140741556509664,arch/100M/seed_3/20260527092657870351/stats.jsonl
GR-LoRA,seed_3,core+papers-biology,core,core,False,2.404461622238159,0.920817172463898,arch/100M/seed_3/20260527092657870351/stats.jsonl
GR-LoRA,seed_3,core+papers-nuclear,core,core,False,2.4043197631835938,0.9212821336104133,arch/100M/seed_3/20260527092657870351/stats.jsonl
GR-LoRA,seed_3,core+papers-cyber,core,core,False,2.4031224250793457,0.9252170817928487,arch/100M/seed_3/20260527092657870351/stats.jsonl
GR-LoRA,seed_3,core,papers-biology,elicited_forget,True,3.032151460647583,0.9894431018688329,arch/100M/seed_3/20260527092657870351/stats.jsonl
GR-LoRA,seed_3,code-lisp+core,papers-biology,elicited_forget,True,3.034104347229004,0.9840724783757436,arch/100M/seed_3/20260527092657870351/stats.jsonl
GR-LoRA,seed_3,core+papers-nuclear,papers-biology,elicited_forget,True,3.0327022075653076,0.9879251685050153,arch/100M/seed_3/20260527092657870351/stats.jsonl
GR-LoRA,seed_3,core+papers-cyber,papers-biology,elicited_forget,True,3.0325520038604736,0.9883388906600125,arch/100M/seed_3/20260527092657870351/stats.jsonl
GR-LoRA,seed_3,core,papers-biology,forget,False,3.098557710647583,0.8239413924553796,arch/100M/seed_3/20260527092657870351/stats.jsonl
GR-LoRA,seed_3,code-lisp+core,papers-biology,forget,False,3.101412296295166,0.8175595363535251,arch/100M/seed_3/20260527092657870351/stats.jsonl
GR-LoRA,seed_3,core+papers-nuclear,papers-biology,forget,False,3.0983073711395264,0.8245037315615283,arch/100M/seed_3/20260527092657870351/stats.jsonl
GR-LoRA,seed_3,core+papers-cyber,papers-biology,forget,False,3.09885835647583,0.8232666200786294,arch/100M/seed_3/20260527092657870351/stats.jsonl
GR-LoRA,seed_3,core+papers-biology,papers-biology,retain,False,3.0786759853363037,0.8699763131071964,arch/100M/seed_3/20260527092657870351/stats.jsonl
GR-LoRA,seed_3,core,papers-cyber,elicited_forget,True,3.3013319969177246,0.9666704597998763,arch/100M/seed_3/20260527092657870351/stats.jsonl
GR-LoRA,seed_3,code-lisp+core,papers-cyber,elicited_forget,True,3.3039863109588623,0.9589723111352849,arch/100M/seed_3/20260527092657870351/stats.jsonl
GR-LoRA,seed_3,core+papers-biology,papers-cyber,elicited_forget,True,3.301983118057251,0.9647757456989847,arch/100M/seed_3/20260527092657870351/stats.jsonl
GR-LoRA,seed_3,core+papers-nuclear,papers-cyber,elicited_forget,True,3.3017828464508057,0.9653580834587238,arch/100M/seed_3/20260527092657870351/stats.jsonl
GR-LoRA,seed_3,core,papers-cyber,forget,False,3.345102071762085,0.8479917487180194,arch/100M/seed_3/20260527092657870351/stats.jsonl
GR-LoRA,seed_3,code-lisp+core,papers-cyber,forget,False,3.3480567932128906,0.8405816365400431,arch/100M/seed_3/20260527092657870351/stats.jsonl
GR-LoRA,seed_3,core+papers-biology,papers-cyber,forget,False,3.3463540077209473,0.8448432419854497,arch/100M/seed_3/20260527092657870351/stats.jsonl
GR-LoRA,seed_3,core+papers-nuclear,papers-cyber,forget,False,3.3454527854919434,0.8471084276721809,arch/100M/seed_3/20260527092657870351/stats.jsonl
GR-LoRA,seed_3,core+papers-cyber,papers-cyber,retain,False,3.3307290077209473,0.8850842992668253,arch/100M/seed_3/20260527092657870351/stats.jsonl
GR-LoRA,seed_3,core,papers-nuclear,elicited_forget,True,3.345853328704834,0.9930068286623343,arch/100M/seed_3/20260527092657870351/stats.jsonl
GR-LoRA,seed_3,code-lisp+core,papers-nuclear,elicited_forget,True,3.3477063179016113,0.9872762037937658,arch/100M/seed_3/20260527092657870351/stats.jsonl
GR-LoRA,seed_3,core+papers-biology,papers-nuclear,elicited_forget,True,3.3461036682128906,0.9922304838284677,arch/100M/seed_3/20260527092657870351/stats.jsonl
GR-LoRA,seed_3,core+papers-cyber,papers-nuclear,elicited_forget,True,3.346003532409668,0.992540941540289,arch/100M/seed_3/20260527092657870351/stats.jsonl
GR-LoRA,seed_3,core,papers-nuclear,forget,False,3.413762092590332,0.8049805071594476,arch/100M/seed_3/20260527092657870351/stats.jsonl
GR-LoRA,seed_3,code-lisp+core,papers-nuclear,forget,False,3.416316032409668,0.7987198869003973,arch/100M/seed_3/20260527092657870351/stats.jsonl
GR-LoRA,seed_3,core+papers-biology,papers-nuclear,forget,False,3.4131109714508057,0.806585279055796,arch/100M/seed_3/20260527092657870351/stats.jsonl
GR-LoRA,seed_3,core+papers-cyber,papers-nuclear,forget,False,3.4130611419677734,0.8067082354333153,arch/100M/seed_3/20260527092657870351/stats.jsonl
GR-LoRA,seed_3,core+papers-nuclear,papers-nuclear,retain,False,3.393779993057251,0.8558733163113147,arch/100M/seed_3/20260527092657870351/stats.jsonl
GR-MoE,seed_1,core,code-lisp,elicited_forget,True,1.2193384170532227,0.9305961640132498,arch/100M/seed_1/20260527043142471021/stats.jsonl
GR-MoE,seed_1,core+papers-biology,code-lisp,elicited_forget,True,1.218850016593933,0.9321349071537408,arch/100M/seed_1/20260527043142471021/stats.jsonl
GR-MoE,seed_1,core+papers-nuclear,code-lisp,elicited_forget,True,1.2188751697540283,0.9320555826931287,arch/100M/seed_1/20260527043142471021/stats.jsonl
GR-MoE,seed_1,core+papers-cyber,code-lisp,elicited_forget,True,1.2188501358032227,0.9321345311885654,arch/100M/seed_1/20260527043142471021/stats.jsonl
GR-MoE,seed_1,core,code-lisp,forget,False,1.575946569442749,0.3244408746395137,arch/100M/seed_1/20260527043142471021/stats.jsonl
GR-MoE,seed_1,core+papers-biology,code-lisp,forget,False,1.5755709409713745,0.32475688214309983,arch/100M/seed_1/20260527043142471021/stats.jsonl
GR-MoE,seed_1,core+papers-nuclear,code-lisp,forget,False,1.5762970447540283,0.3241463771885907,arch/100M/seed_1/20260527043142471021/stats.jsonl
GR-MoE,seed_1,core+papers-cyber,code-lisp,forget,False,1.577223539352417,0.32336948252442044,arch/100M/seed_1/20260527043142471021/stats.jsonl
GR-MoE,seed_1,code-lisp+core,code-lisp,retain,False,1.422438383102417,0.4936319412976603,arch/100M/seed_1/20260527043142471021/stats.jsonl
GR-MoE,seed_1,core,core,core,False,2.41727876663208,0.8798747237747887,arch/100M/seed_1/20260527043142471021/stats.jsonl
GR-MoE,seed_1,code-lisp+core,core,core,False,2.4200868606567383,0.8711802141863638,arch/100M/seed_1/20260527043142471021/stats.jsonl
GR-MoE,seed_1,core+papers-biology,core,core,False,2.417548418045044,0.8790356042897551,arch/100M/seed_1/20260527043142471021/stats.jsonl
GR-MoE,seed_1,core+papers-nuclear,core,core,False,2.41758131980896,0.8789332798991406,arch/100M/seed_1/20260527043142471021/stats.jsonl
GR-MoE,seed_1,core+papers-cyber,core,core,False,2.416567802429199,0.8820914667572095,arch/100M/seed_1/20260527043142471021/stats.jsonl
GR-MoE,seed_1,core,papers-biology,elicited_forget,True,3.022385835647583,1.0167984743197716,arch/100M/seed_1/20260527043142471021/stats.jsonl
GR-MoE,seed_1,code-lisp+core,papers-biology,elicited_forget,True,3.0230870246887207,1.0148062426173567,arch/100M/seed_1/20260527043142471021/stats.jsonl
GR-MoE,seed_1,core+papers-nuclear,papers-biology,elicited_forget,True,3.0224359035491943,1.016656074853704,arch/100M/seed_1/20260527043142471021/stats.jsonl
GR-MoE,seed_1,core+papers-cyber,papers-biology,elicited_forget,True,3.0228865146636963,1.0153754874358363,arch/100M/seed_1/20260527043142471021/stats.jsonl
GR-MoE,seed_1,core,papers-biology,forget,False,3.0775742530822754,0.8726106548847066,arch/100M/seed_1/20260527043142471021/stats.jsonl
GR-MoE,seed_1,code-lisp+core,papers-biology,forget,False,3.0797276496887207,0.8674700282389389,arch/100M/seed_1/20260527043142471021/stats.jsonl
GR-MoE,seed_1,core+papers-nuclear,papers-biology,forget,False,3.0752205848693848,0.8782685939250352,arch/100M/seed_1/20260527043142471021/stats.jsonl
GR-MoE,seed_1,core+papers-cyber,papers-biology,forget,False,3.0767228603363037,0.8746525570053385,arch/100M/seed_1/20260527043142471021/stats.jsonl
GR-MoE,seed_1,core+papers-biology,papers-biology,retain,False,3.056640386581421,0.9244097368237648,arch/100M/seed_1/20260527043142471021/stats.jsonl
GR-MoE,seed_1,core,papers-cyber,elicited_forget,True,3.3091444969177246,0.9442054924672686,arch/100M/seed_1/20260527043142471021/stats.jsonl
GR-MoE,seed_1,code-lisp+core,papers-cyber,elicited_forget,True,3.310997724533081,0.9389616434254253,arch/100M/seed_1/20260527043142471021/stats.jsonl
GR-MoE,seed_1,core+papers-biology,papers-cyber,elicited_forget,True,3.3098456859588623,0.9422176246612953,arch/100M/seed_1/20260527043142471021/stats.jsonl
GR-MoE,seed_1,core+papers-nuclear,papers-cyber,elicited_forget,True,3.3090944290161133,0.9443476120880676,arch/100M/seed_1/20260527043142471021/stats.jsonl
GR-MoE,seed_1,core,papers-cyber,forget,False,3.3561699390411377,0.8206007554626485,arch/100M/seed_1/20260527043142471021/stats.jsonl
GR-MoE,seed_1,code-lisp+core,papers-cyber,forget,False,3.359675407409668,0.8121307022674765,arch/100M/seed_1/20260527043142471021/stats.jsonl
GR-MoE,seed_1,core+papers-biology,papers-cyber,forget,False,3.3559696674346924,0.8210876044320448,arch/100M/seed_1/20260527043142471021/stats.jsonl
GR-MoE,seed_1,core+papers-nuclear,papers-cyber,forget,False,3.355318784713745,0.8226720731580931,arch/100M/seed_1/20260527043142471021/stats.jsonl
GR-MoE,seed_1,core+papers-cyber,papers-cyber,retain,False,3.3427484035491943,0.8539462316895474,arch/100M/seed_1/20260527043142471021/stats.jsonl
GR-MoE,seed_1,core,papers-nuclear,elicited_forget,True,3.3479068279266357,0.9866582853972116,arch/100M/seed_1/20260527043142471021/stats.jsonl
GR-MoE,seed_1,code-lisp+core,papers-nuclear,elicited_forget,True,3.3488080501556396,0.9838862122814732,arch/100M/seed_1/20260527043142471021/stats.jsonl
GR-MoE,seed_1,core+papers-biology,papers-nuclear,elicited_forget,True,3.3476061820983887,0.9875849551429893,arch/100M/seed_1/20260527043142471021/stats.jsonl
GR-MoE,seed_1,core+papers-cyber,papers-nuclear,elicited_forget,True,3.3480570316314697,0.9861956766320953,arch/100M/seed_1/20260527043142471021/stats.jsonl
GR-MoE,seed_1,core,papers-nuclear,forget,False,3.417367935180664,0.7961569208557191,arch/100M/seed_1/20260527043142471021/stats.jsonl
GR-MoE,seed_1,code-lisp+core,papers-nuclear,forget,False,3.4218249320983887,0.7853975759644249,arch/100M/seed_1/20260527043142471021/stats.jsonl
GR-MoE,seed_1,core+papers-biology,papers-nuclear,forget,False,3.4146132469177246,0.8028880332195895,arch/100M/seed_1/20260527043142471021/stats.jsonl
GR-MoE,seed_1,core+papers-cyber,papers-nuclear,forget,False,3.4160654544830322,0.799331761803068,arch/100M/seed_1/20260527043142471021/stats.jsonl
GR-MoE,seed_1,core+papers-nuclear,papers-nuclear,retain,False,3.3932793140411377,0.8571932362130047,arch/100M/seed_1/20260527043142471021/stats.jsonl
GR-MoE,seed_2,core,code-lisp,elicited_forget,True,1.2234199047088623,0.9178602372703113,arch/100M/seed_2/20260527065853490953/stats.jsonl
GR-MoE,seed_2,core+papers-biology,code-lisp,elicited_forget,True,1.2229065895080566,0.9194499850836992,arch/100M/seed_2/20260527065853490953/stats.jsonl
GR-MoE,seed_2,core+papers-nuclear,code-lisp,elicited_forget,True,1.2230193614959717,0.9191004335993945,arch/100M/seed_2/20260527065853490953/stats.jsonl
GR-MoE,seed_2,core+papers-cyber,code-lisp,elicited_forget,True,1.2225685119628906,0.9204988950352304,arch/100M/seed_2/20260527065853490953/stats.jsonl
GR-MoE,seed_2,core,code-lisp,forget,False,1.6155599355697632,0.293183121382454,arch/100M/seed_2/20260527065853490953/stats.jsonl
GR-MoE,seed_2,core+papers-biology,code-lisp,forget,False,1.6115784645080566,0.2961479580674707,arch/100M/seed_2/20260527065853490953/stats.jsonl
GR-MoE,seed_2,core+papers-nuclear,code-lisp,forget,False,1.608098030090332,0.2987707428723519,arch/100M/seed_2/20260527065853490953/stats.jsonl
GR-MoE,seed_2,core+papers-cyber,code-lisp,forget,False,1.6084234714508057,0.2985242581327555,arch/100M/seed_2/20260527065853490953/stats.jsonl
GR-MoE,seed_2,code-lisp+core,code-lisp,retain,False,1.3738105297088623,0.5694513967335804,arch/100M/seed_2/20260527065853490953/stats.jsonl
GR-MoE,seed_2,core,core,core,False,2.4297842979431152,0.8418885104854673,arch/100M/seed_2/20260527065853490953/stats.jsonl
GR-MoE,seed_2,code-lisp+core,core,core,False,2.4325551986694336,0.8337232812542235,arch/100M/seed_2/20260527065853490953/stats.jsonl
GR-MoE,seed_2,core+papers-biology,core,core,False,2.43005633354187,0.8410829175043919,arch/100M/seed_2/20260527065853490953/stats.jsonl
GR-MoE,seed_2,core+papers-nuclear,core,core,False,2.4305074214935303,0.839748995618756,arch/100M/seed_2/20260527065853490953/stats.jsonl
GR-MoE,seed_2,core+papers-cyber,core,core,False,2.4293742179870605,0.8431045402030071,arch/100M/seed_2/20260527065853490953/stats.jsonl
GR-MoE,seed_2,core,papers-biology,elicited_forget,True,3.04537296295166,0.9537153407071292,arch/100M/seed_2/20260527065853490953/stats.jsonl
GR-MoE,seed_2,code-lisp+core,papers-biology,elicited_forget,True,3.0458736419677734,0.952391162863203,arch/100M/seed_2/20260527065853490953/stats.jsonl
GR-MoE,seed_2,core+papers-nuclear,papers-biology,elicited_forget,True,3.0448217391967773,0.9551755911096639,arch/100M/seed_2/20260527065853490953/stats.jsonl
GR-MoE,seed_2,core+papers-cyber,papers-biology,elicited_forget,True,3.044520854949951,0.9559737255587403,arch/100M/seed_2/20260527065853490953/stats.jsonl
GR-MoE,seed_2,core,papers-biology,forget,False,3.1191906929016113,0.7790429385969709,arch/100M/seed_2/20260527065853490953/stats.jsonl
GR-MoE,seed_2,code-lisp+core,papers-biology,forget,False,3.1217947006225586,0.7735747325169333,arch/100M/seed_2/20260527065853490953/stats.jsonl
GR-MoE,seed_2,core+papers-nuclear,papers-biology,forget,False,3.1177384853363037,0.7821113423473117,arch/100M/seed_2/20260527065853490953/stats.jsonl
GR-MoE,seed_2,core+papers-cyber,papers-biology,forget,False,3.1187901496887207,0.7798879007790158,arch/100M/seed_2/20260527065853490953/stats.jsonl
GR-MoE,seed_2,core+papers-biology,papers-biology,retain,False,3.1045172214508057,0.8106810656479633,arch/100M/seed_2/20260527065853490953/stats.jsonl
GR-MoE,seed_2,core,papers-cyber,elicited_forget,True,3.318058967590332,0.9192745042518651,arch/100M/seed_2/20260527065853490953/stats.jsonl
GR-MoE,seed_2,code-lisp+core,papers-cyber,elicited_forget,True,3.3196611404418945,0.9148713912279327,arch/100M/seed_2/20260527065853490953/stats.jsonl
GR-MoE,seed_2,core+papers-biology,papers-cyber,elicited_forget,True,3.3178083896636963,0.919965263452693,arch/100M/seed_2/20260527065853490953/stats.jsonl
GR-MoE,seed_2,core+papers-nuclear,papers-cyber,elicited_forget,True,3.3181090354919434,0.919136552646298,arch/100M/seed_2/20260527065853490953/stats.jsonl
GR-MoE,seed_2,core,papers-cyber,forget,False,3.3654847145080566,0.7983063108530244,arch/100M/seed_2/20260527065853490953/stats.jsonl
GR-MoE,seed_2,code-lisp+core,papers-cyber,forget,False,3.368539810180664,0.7911408002475953,arch/100M/seed_2/20260527065853490953/stats.jsonl
GR-MoE,seed_2,core+papers-biology,papers-cyber,forget,False,3.3652844429016113,0.7987785372605057,arch/100M/seed_2/20260527065853490953/stats.jsonl
GR-MoE,seed_2,core+papers-nuclear,papers-cyber,forget,False,3.3663361072540283,0.7963022337316419,arch/100M/seed_2/20260527065853490953/stats.jsonl
GR-MoE,seed_2,core+papers-cyber,papers-cyber,retain,False,3.3539161682128906,0.8260980347803798,arch/100M/seed_2/20260527065853490953/stats.jsonl
GR-MoE,seed_2,core,papers-nuclear,elicited_forget,True,3.3653345108032227,0.9345433838920572,arch/100M/seed_2/20260527065853490953/stats.jsonl
GR-MoE,seed_2,code-lisp+core,papers-nuclear,elicited_forget,True,3.366886854171753,0.9300504705461877,arch/100M/seed_2/20260527065853490953/stats.jsonl
GR-MoE,seed_2,core+papers-biology,papers-nuclear,elicited_forget,True,3.364933967590332,0.9357065435108785,arch/100M/seed_2/20260527065853490953/stats.jsonl
GR-MoE,seed_2,core+papers-cyber,papers-nuclear,elicited_forget,True,3.3655848503112793,0.9338172178734282,arch/100M/seed_2/20260527065853490953/stats.jsonl
GR-MoE,seed_2,core,papers-nuclear,forget,False,3.4391026496887207,0.7451785665684904,arch/100M/seed_2/20260527065853490953/stats.jsonl
GR-MoE,seed_2,code-lisp+core,papers-nuclear,forget,False,3.443660020828247,0.734952350154585,arch/100M/seed_2/20260527065853490953/stats.jsonl
GR-MoE,seed_2,core+papers-biology,papers-nuclear,forget,False,3.4383015632629395,0.7469922797563523,arch/100M/seed_2/20260527065853490953/stats.jsonl
GR-MoE,seed_2,core+papers-cyber,papers-nuclear,forget,False,3.4387521743774414,0.7459714677303447,arch/100M/seed_2/20260527065853490953/stats.jsonl
GR-MoE,seed_2,core+papers-nuclear,papers-nuclear,retain,False,3.423227310180664,0.7820454217688678,arch/100M/seed_2/20260527065853490953/stats.jsonl
GR-MoE,seed_3,core,code-lisp,elicited_forget,True,1.2431640625,0.8592327041101101,arch/100M/seed_3/20260527092657870351/stats.jsonl
GR-MoE,seed_3,core+papers-biology,code-lisp,elicited_forget,True,1.2430012226104736,0.8596968001771825,arch/100M/seed_3/20260527092657870351/stats.jsonl
GR-MoE,seed_3,core+papers-nuclear,code-lisp,elicited_forget,True,1.2423627376556396,0.8615195129704846,arch/100M/seed_3/20260527092657870351/stats.jsonl
GR-MoE,seed_3,core+papers-cyber,code-lisp,elicited_forget,True,1.2424628734588623,0.861233331911344,arch/100M/seed_3/20260527092657870351/stats.jsonl
GR-MoE,seed_3,core,code-lisp,forget,False,1.6228466033935547,0.2878533875192653,arch/100M/seed_3/20260527092657870351/stats.jsonl
GR-MoE,seed_3,core+papers-biology,code-lisp,forget,False,1.6213440895080566,0.28894230845062463,arch/100M/seed_3/20260527092657870351/stats.jsonl
GR-MoE,seed_3,core+papers-nuclear,code-lisp,forget,False,1.623723030090332,0.2872206040229112,arch/100M/seed_3/20260527092657870351/stats.jsonl
GR-MoE,seed_3,core+papers-cyber,code-lisp,forget,False,1.621394157409668,0.2889059389447368,arch/100M/seed_3/20260527092657870351/stats.jsonl
GR-MoE,seed_3,code-lisp+core,code-lisp,retain,False,1.5026792287826538,0.3941735000752813,arch/100M/seed_3/20260527092657870351/stats.jsonl
GR-MoE,seed_3,core,core,core,False,2.4023828506469727,0.9276570560977541,arch/100M/seed_3/20260527092657870351/stats.jsonl
GR-MoE,seed_3,code-lisp+core,core,core,False,2.4033408164978027,0.9244979523351207,arch/100M/seed_3/20260527092657870351/stats.jsonl
GR-MoE,seed_3,core+papers-biology,core,core,False,2.40291428565979,0.9259030375986619,arch/100M/seed_3/20260527092657870351/stats.jsonl
GR-MoE,seed_3,core+papers-nuclear,core,core,False,2.403215169906616,0.9249116105937273,arch/100M/seed_3/20260527092657870351/stats.jsonl
GR-MoE,seed_3,core+papers-cyber,core,core,False,2.4015259742736816,0.9304930675478841,arch/100M/seed_3/20260527092657870351/stats.jsonl
GR-MoE,seed_3,core,papers-biology,elicited_forget,True,3.0278947353363037,1.0012640178213992,arch/100M/seed_3/20260527092657870351/stats.jsonl
GR-MoE,seed_3,code-lisp+core,papers-biology,elicited_forget,True,3.028245210647583,1.0002847772070036,arch/100M/seed_3/20260527092657870351/stats.jsonl
GR-MoE,seed_3,core+papers-nuclear,papers-biology,elicited_forget,True,3.0277445316314697,1.001684022068336,arch/100M/seed_3/20260527092657870351/stats.jsonl
GR-MoE,seed_3,core+papers-cyber,papers-biology,elicited_forget,True,3.0272936820983887,1.0029458908016304,arch/100M/seed_3/20260527092657870351/stats.jsonl
GR-MoE,seed_3,core,papers-biology,forget,False,3.0919971466064453,0.8388220158055343,arch/100M/seed_3/20260527092657870351/stats.jsonl
GR-MoE,seed_3,code-lisp+core,papers-biology,forget,False,3.0930991172790527,0.8363015472426443,arch/100M/seed_3/20260527092657870351/stats.jsonl
GR-MoE,seed_3,core+papers-nuclear,papers-biology,forget,False,3.0912961959838867,0.8404297018077199,arch/100M/seed_3/20260527092657870351/stats.jsonl
GR-MoE,seed_3,core+papers-cyber,papers-biology,forget,False,3.0912959575653076,0.8404302492289697,arch/100M/seed_3/20260527092657870351/stats.jsonl
GR-MoE,seed_3,core+papers-biology,papers-biology,retain,False,3.0728163719177246,0.8840906625528661,arch/100M/seed_3/20260527092657870351/stats.jsonl
GR-MoE,seed_3,core,papers-cyber,elicited_forget,True,3.2975258827209473,0.9778286375821803,arch/100M/seed_3/20260527092657870351/stats.jsonl
GR-MoE,seed_3,code-lisp+core,papers-cyber,elicited_forget,True,3.2981269359588623,0.9760571312257973,arch/100M/seed_3/20260527092657870351/stats.jsonl
GR-MoE,seed_3,core+papers-biology,papers-cyber,elicited_forget,True,3.2978265285491943,0.9769420890032307,arch/100M/seed_3/20260527092657870351/stats.jsonl
GR-MoE,seed_3,core+papers-nuclear,papers-cyber,elicited_forget,True,3.297325849533081,0.9784189911052312,arch/100M/seed_3/20260527092657870351/stats.jsonl
GR-MoE,seed_3,core,papers-cyber,forget,False,3.340895652770996,0.8586660114829776,arch/100M/seed_3/20260527092657870351/stats.jsonl
GR-MoE,seed_3,code-lisp+core,papers-cyber,forget,False,3.3422975540161133,0.8550920968198129,arch/100M/seed_3/20260527092657870351/stats.jsonl
GR-MoE,seed_3,core+papers-biology,papers-cyber,forget,False,3.3416967391967773,0.856621754746033,arch/100M/seed_3/20260527092657870351/stats.jsonl
GR-MoE,seed_3,core+papers-nuclear,papers-cyber,forget,False,3.341796875,0.8563666015908779,arch/100M/seed_3/20260527092657870351/stats.jsonl
GR-MoE,seed_3,core+papers-cyber,papers-cyber,retain,False,3.32737398147583,0.8939988098260805,arch/100M/seed_3/20260527092657870351/stats.jsonl
GR-MoE,seed_3,core,papers-nuclear,elicited_forget,True,3.3376402854919434,1.0188514916114897,arch/100M/seed_3/20260527092657870351/stats.jsonl
GR-MoE,seed_3,code-lisp+core,papers-nuclear,elicited_forget,True,3.338040828704834,1.0175740330047747,arch/100M/seed_3/20260527092657870351/stats.jsonl
GR-MoE,seed_3,core+papers-biology,papers-nuclear,elicited_forget,True,3.3373899459838867,1.0196507997233852,arch/100M/seed_3/20260527092657870351/stats.jsonl
GR-MoE,seed_3,core+papers-cyber,papers-nuclear,elicited_forget,True,3.3379907608032227,1.017733618858769,arch/100M/seed_3/20260527092657870351/stats.jsonl
GR-MoE,seed_3,core,papers-nuclear,forget,False,3.399939775466919,0.8398165117874828,arch/100M/seed_3/20260527092657870351/stats.jsonl
GR-MoE,seed_3,code-lisp+core,papers-nuclear,forget,False,3.4011917114257812,0.8365938307332519,arch/100M/seed_3/20260527092657870351/stats.jsonl
GR-MoE,seed_3,core+papers-biology,papers-nuclear,forget,False,3.3983876705169678,0.8438308853381699,arch/100M/seed_3/20260527092657870351/stats.jsonl
GR-MoE,seed_3,core+papers-cyber,papers-nuclear,forget,False,3.3977365493774414,0.8455212416928191,arch/100M/seed_3/20260527092657870351/stats.jsonl
GR-MoE,seed_3,core+papers-nuclear,papers-nuclear,retain,False,3.3778045177459717,0.8991157320727945,arch/100M/seed_3/20260527092657870351/stats.jsonl
baseline,seed_1,code-lisp+core+papers-biology+papers-cyber+papers-nuclear,code-lisp,retain,False,1.1962389945983887,1.006983200351349,arch/100M/seed_1/20260527043142471021/stats.jsonl
baseline,seed_1,code-lisp+core+papers-biology+papers-cyber+papers-nuclear,core,core,False,2.3822128772735596,0.997069037936777,arch/100M/seed_1/20260527043142471021/stats.jsonl
baseline,seed_1,code-lisp+core+papers-biology+papers-cyber+papers-nuclear,papers-biology,retain,False,3.0258913040161133,1.0068823960264313,arch/100M/seed_1/20260527043142471021/stats.jsonl
baseline,seed_1,code-lisp+core+papers-biology+papers-cyber+papers-nuclear,papers-cyber,retain,False,3.2897636890411377,1.0010287571594367,arch/100M/seed_1/20260527043142471021/stats.jsonl
baseline,seed_1,code-lisp+core+papers-biology+papers-cyber+papers-nuclear,papers-nuclear,retain,False,3.342698097229004,1.0028492796252106,arch/100M/seed_1/20260527043142471021/stats.jsonl
baseline,seed_2,code-lisp+core+papers-biology+papers-cyber+papers-nuclear,code-lisp,retain,False,1.1989808082580566,0.997517298343953,arch/100M/seed_2/20260527065853490953/stats.jsonl
baseline,seed_2,code-lisp+core+papers-biology+papers-cyber+papers-nuclear,core,core,False,2.3931446075439453,0.9587521907887759,arch/100M/seed_2/20260527065853490953/stats.jsonl
baseline,seed_2,code-lisp+core+papers-biology+papers-cyber+papers-nuclear,papers-biology,retain,False,3.0327022075653076,0.9879251685050153,arch/100M/seed_2/20260527065853490953/stats.jsonl
baseline,seed_2,code-lisp+core+papers-biology+papers-cyber+papers-nuclear,papers-cyber,retain,False,3.2977261543273926,0.9772379750150227,arch/100M/seed_2/20260527065853490953/stats.jsonl
baseline,seed_2,code-lisp+core+papers-biology+papers-cyber+papers-nuclear,papers-nuclear,retain,False,3.3501102924346924,0.979895776439558,arch/100M/seed_2/20260527065853490953/stats.jsonl
baseline,seed_3,code-lisp+core+papers-biology+papers-cyber+papers-nuclear,code-lisp,retain,False,1.1995694637298584,0.9954995013046983,arch/100M/seed_3/20260527092657870351/stats.jsonl
baseline,seed_3,code-lisp+core+papers-biology+papers-cyber+papers-nuclear,core,core,False,2.369401454925537,1.044178771274447,arch/100M/seed_3/20260527092657870351/stats.jsonl
baseline,seed_3,code-lisp+core+papers-biology+papers-cyber+papers-nuclear,papers-biology,retain,False,3.0264925956726074,1.0051924354685535,arch/100M/seed_3/20260527092657870351/stats.jsonl
baseline,seed_3,code-lisp+core+papers-biology+papers-cyber+papers-nuclear,papers-cyber,retain,False,3.2830026149749756,1.0217332678255404,arch/100M/seed_3/20260527092657870351/stats.jsonl
baseline,seed_3,code-lisp+core+papers-biology+papers-cyber+papers-nuclear,papers-nuclear,retain,False,3.3381409645080566,1.0172549439352312,arch/100M/seed_3/20260527092657870351/stats.jsonl
