method,model_size,num_params,seed,retained,data_label,label_class,loss,compute_ratio,source
grmoe,800M,806509504,seed_1,code-lisp+core,code-lisp,retain,0.8212448954582214,0.9101495240533699,arbsub/800M/seed_1/grmoe/stats.jsonl
grmoe,800M,806509504,seed_1,code-lisp+core,core,core,1.8774337768554688,0.9809873234725233,arbsub/800M/seed_1/grmoe/stats.jsonl
grmoe,800M,806509504,seed_1,code-lisp+core,papers-biology,forget,2.4550225734710693,0.6889237480953015,arbsub/800M/seed_1/grmoe/stats.jsonl
grmoe,800M,806509504,seed_1,code-lisp+core,papers-cyber,forget,2.703125,0.7696617093927351,arbsub/800M/seed_1/grmoe/stats.jsonl
grmoe,800M,806509504,seed_1,code-lisp+core,papers-nuclear,forget,2.832998514175415,0.6200431732270028,arbsub/800M/seed_1/grmoe/stats.jsonl
grmoe,800M,806509504,seed_1,code-lisp+core+papers-biology+papers-cyber,code-lisp,retain,0.8228585124015808,0.9027583943931748,arbsub/800M/seed_1/grmoe/stats.jsonl
grmoe,800M,806509504,seed_1,code-lisp+core+papers-biology+papers-cyber,core,core,1.8809810876846313,0.9620717499986116,arbsub/800M/seed_1/grmoe/stats.jsonl
grmoe,800M,806509504,seed_1,code-lisp+core+papers-biology+papers-cyber,papers-biology,retain,2.370628833770752,0.9621065168997718,arbsub/800M/seed_1/grmoe/stats.jsonl
grmoe,800M,806509504,seed_1,code-lisp+core+papers-biology+papers-cyber,papers-cyber,retain,2.643061876296997,0.9879889605748677,arbsub/800M/seed_1/grmoe/stats.jsonl
grmoe,800M,806509504,seed_1,code-lisp+core+papers-biology+papers-cyber,papers-nuclear,forget,2.8245534896850586,0.6415496833086282,arbsub/800M/seed_1/grmoe/stats.jsonl
grmoe,800M,806509504,seed_1,code-lisp+core+papers-biology+papers-cyber+papers-nuclear,code-lisp,retain,0.825564980506897,0.8905292768496075,arbsub/800M/seed_1/grmoe/stats.jsonl
grmoe,800M,806509504,seed_1,code-lisp+core+papers-biology+papers-cyber+papers-nuclear,core,core,1.8898104429244995,0.9167195567209999,arbsub/800M/seed_1/grmoe/stats.jsonl
grmoe,800M,806509504,seed_1,code-lisp+core+papers-biology+papers-cyber+papers-nuclear,papers-biology,retain,2.3780694007873535,0.9336964788162138,arbsub/800M/seed_1/grmoe/stats.jsonl
grmoe,800M,806509504,seed_1,code-lisp+core+papers-biology+papers-cyber+papers-nuclear,papers-cyber,retain,2.651339292526245,0.9542070959262948,arbsub/800M/seed_1/grmoe/stats.jsonl
grmoe,800M,806509504,seed_1,code-lisp+core+papers-biology+papers-cyber+papers-nuclear,papers-nuclear,retain,2.7225818634033203,0.9776451075602597,arbsub/800M/seed_1/grmoe/stats.jsonl
grmoe,800M,806509504,seed_1,code-lisp+core+papers-biology+papers-nuclear,code-lisp,retain,0.823309600353241,0.9007056390822422,arbsub/800M/seed_1/grmoe/stats.jsonl
grmoe,800M,806509504,seed_1,code-lisp+core+papers-biology+papers-nuclear,core,core,1.8857320547103882,0.9373672504425513,arbsub/800M/seed_1/grmoe/stats.jsonl
grmoe,800M,806509504,seed_1,code-lisp+core+papers-biology+papers-nuclear,papers-biology,retain,2.374218463897705,0.9482818081724974,arbsub/800M/seed_1/grmoe/stats.jsonl
grmoe,800M,806509504,seed_1,code-lisp+core+papers-biology+papers-nuclear,papers-cyber,forget,2.704613208770752,0.7649753495386277,arbsub/800M/seed_1/grmoe/stats.jsonl
grmoe,800M,806509504,seed_1,code-lisp+core+papers-biology+papers-nuclear,papers-nuclear,retain,2.7171130180358887,1.0004870085099087,arbsub/800M/seed_1/grmoe/stats.jsonl
grmoe,800M,806509504,seed_1,code-lisp+core+papers-cyber+papers-nuclear,code-lisp,retain,0.823858380317688,0.8982161859633202,arbsub/800M/seed_1/grmoe/stats.jsonl
grmoe,800M,806509504,seed_1,code-lisp+core+papers-cyber+papers-nuclear,core,core,1.8842355012893677,0.9450725634409552,arbsub/800M/seed_1/grmoe/stats.jsonl
grmoe,800M,806509504,seed_1,code-lisp+core+papers-cyber+papers-nuclear,papers-biology,forget,2.4515066146850586,0.698396097512418,arbsub/800M/seed_1/grmoe/stats.jsonl
grmoe,800M,806509504,seed_1,code-lisp+core+papers-cyber+papers-nuclear,papers-cyber,retain,2.645703077316284,0.9770688686197789,arbsub/800M/seed_1/grmoe/stats.jsonl
grmoe,800M,806509504,seed_1,code-lisp+core+papers-cyber+papers-nuclear,papers-nuclear,retain,2.717968702316284,0.996874735304038,arbsub/800M/seed_1/grmoe/stats.jsonl
grmoe,800M,806509504,seed_1,core,code-lisp,forget,1.456659197807312,0.09050461346207249,arbsub/800M/seed_1/grmoe/stats.jsonl
grmoe,800M,806509504,seed_1,core,core,core,1.8749332427978516,0.9945683320058963,arbsub/800M/seed_1/grmoe/stats.jsonl
grmoe,800M,806509504,seed_1,core,papers-biology,forget,2.4536828994750977,0.6925159045796924,arbsub/800M/seed_1/grmoe/stats.jsonl
grmoe,800M,806509504,seed_1,core,papers-cyber,forget,2.700892925262451,0.7767499712098312,arbsub/800M/seed_1/grmoe/stats.jsonl
grmoe,800M,806509504,seed_1,core,papers-nuclear,forget,2.8309526443481445,0.6251792917799357,arbsub/800M/seed_1/grmoe/stats.jsonl
grmoe,800M,806509504,seed_1,core+papers-biology,code-lisp,forget,1.45010244846344,0.09205911645091906,arbsub/800M/seed_1/grmoe/stats.jsonl
grmoe,800M,806509504,seed_1,core+papers-biology,core,core,1.8765950202941895,0.9855198065990204,arbsub/800M/seed_1/grmoe/stats.jsonl
grmoe,800M,806509504,seed_1,core+papers-biology,papers-biology,retain,2.3666481971740723,0.9777004413125726,arbsub/800M/seed_1/grmoe/stats.jsonl
grmoe,800M,806509504,seed_1,core+papers-biology,papers-cyber,forget,2.7020275592803955,0.7731378283153534,arbsub/800M/seed_1/grmoe/stats.jsonl
grmoe,800M,806509504,seed_1,core+papers-biology,papers-nuclear,forget,2.8256139755249023,0.6388043572784247,arbsub/800M/seed_1/grmoe/stats.jsonl
grmoe,800M,806509504,seed_1,core+papers-biology+papers-cyber+papers-nuclear,code-lisp,forget,1.448846697807312,0.09236102033446174,arbsub/800M/seed_1/grmoe/stats.jsonl
grmoe,800M,806509504,seed_1,core+papers-biology+papers-cyber+papers-nuclear,core,core,1.8861148357391357,0.9354076103512152,arbsub/800M/seed_1/grmoe/stats.jsonl
grmoe,800M,806509504,seed_1,core+papers-biology+papers-cyber+papers-nuclear,papers-biology,retain,2.375725507736206,0.942543873169259,arbsub/800M/seed_1/grmoe/stats.jsonl
grmoe,800M,806509504,seed_1,core+papers-biology+papers-cyber+papers-nuclear,papers-cyber,retain,2.6481027603149414,0.9672623652259695,arbsub/800M/seed_1/grmoe/stats.jsonl
grmoe,800M,806509504,seed_1,core+papers-biology+papers-cyber+papers-nuclear,papers-nuclear,retain,2.719326972961426,0.9911701351250892,arbsub/800M/seed_1/grmoe/stats.jsonl
grmoe,800M,806509504,seed_1,core+papers-cyber,code-lisp,forget,1.451776385307312,0.09165878000554811,arbsub/800M/seed_1/grmoe/stats.jsonl
grmoe,800M,806509504,seed_1,core+papers-cyber,core,core,1.8759548664093018,0.9889946704369675,arbsub/800M/seed_1/grmoe/stats.jsonl
grmoe,800M,806509504,seed_1,core+papers-cyber,papers-biology,forget,2.4541852474212646,0.6911664747987287,arbsub/800M/seed_1/grmoe/stats.jsonl
grmoe,800M,806509504,seed_1,core+papers-cyber,papers-cyber,retain,2.637183904647827,1.0127764866038644,arbsub/800M/seed_1/grmoe/stats.jsonl
grmoe,800M,806509504,seed_1,core+papers-cyber,papers-nuclear,forget,2.824907064437866,0.6406329255475735,arbsub/800M/seed_1/grmoe/stats.jsonl
grmoe,800M,806509504,seed_1,core+papers-nuclear,code-lisp,forget,1.4543806314468384,0.09104070027703172,arbsub/800M/seed_1/grmoe/stats.jsonl
grmoe,800M,806509504,seed_1,core+papers-nuclear,core,core,1.8795734643936157,0.969528980312143,arbsub/800M/seed_1/grmoe/stats.jsonl
grmoe,800M,806509504,seed_1,core+papers-nuclear,papers-biology,forget,2.4495720863342285,0.7036700193816738,arbsub/800M/seed_1/grmoe/stats.jsonl
grmoe,800M,806509504,seed_1,core+papers-nuclear,papers-cyber,forget,2.6969120502471924,0.7895711723180577,arbsub/800M/seed_1/grmoe/stats.jsonl
grmoe,800M,806509504,seed_1,core+papers-nuclear,papers-nuclear,retain,2.7112350463867188,1.0256923485044607,arbsub/800M/seed_1/grmoe/stats.jsonl
lora,800M,806509504,seed_1,code-lisp+core,code-lisp,retain,0.7991699576377869,1.0192917762219453,arbsub/800M/seed_1/lora/stats.jsonl
lora,800M,806509504,seed_1,code-lisp+core,core,core,1.8834705352783203,0.9490382073362805,arbsub/800M/seed_1/lora/stats.jsonl
lora,800M,806509504,seed_1,code-lisp+core,papers-biology,forget,2.4803757667541504,0.624727709767176,arbsub/800M/seed_1/lora/stats.jsonl
lora,800M,806509504,seed_1,code-lisp+core,papers-cyber,forget,2.7199032306671143,0.7186087273242611,arbsub/800M/seed_1/lora/stats.jsonl
lora,800M,806509504,seed_1,code-lisp+core,papers-nuclear,forget,2.855208396911621,0.5671857009584168,arbsub/800M/seed_1/lora/stats.jsonl
lora,800M,806509504,seed_1,code-lisp+core+papers-biology+papers-cyber,code-lisp,retain,0.8106259703636169,0.960725143449892,arbsub/800M/seed_1/lora/stats.jsonl
lora,800M,806509504,seed_1,code-lisp+core+papers-biology+papers-cyber,core,core,1.8961758613586426,0.8854923627683878,arbsub/800M/seed_1/lora/stats.jsonl
lora,800M,806509504,seed_1,code-lisp+core+papers-biology+papers-cyber,papers-biology,retain,2.3931548595428467,0.8789225555055541,arbsub/800M/seed_1/lora/stats.jsonl
lora,800M,806509504,seed_1,code-lisp+core+papers-biology+papers-cyber,papers-cyber,retain,2.665532112121582,0.8992023591545404,arbsub/800M/seed_1/lora/stats.jsonl
lora,800M,806509504,seed_1,code-lisp+core+papers-biology+papers-cyber,papers-nuclear,forget,2.8573660850524902,0.5623219707460075,arbsub/800M/seed_1/lora/stats.jsonl
lora,800M,806509504,seed_1,code-lisp+core+papers-biology+papers-cyber+papers-nuclear,code-lisp,retain,0.8238607048988342,0.8982056591913647,arbsub/800M/seed_1/lora/stats.jsonl
lora,800M,806509504,seed_1,code-lisp+core+papers-biology+papers-cyber+papers-nuclear,core,core,1.9148344993591309,0.8005461265313182,arbsub/800M/seed_1/lora/stats.jsonl
lora,800M,806509504,seed_1,code-lisp+core+papers-biology+papers-cyber+papers-nuclear,papers-biology,retain,2.416220188140869,0.8019731254141973,arbsub/800M/seed_1/lora/stats.jsonl
lora,800M,806509504,seed_1,code-lisp+core+papers-biology+papers-cyber+papers-nuclear,papers-cyber,retain,2.6895833015441895,0.8137895100550833,arbsub/800M/seed_1/lora/stats.jsonl
lora,800M,806509504,seed_1,code-lisp+core+papers-biology+papers-cyber+papers-nuclear,papers-nuclear,retain,2.761532783508301,0.8305954695626796,arbsub/800M/seed_1/lora/stats.jsonl
lora,800M,806509504,seed_1,code-lisp+core+papers-biology+papers-nuclear,code-lisp,retain,0.8141322135925293,0.9436457361109593,arbsub/800M/seed_1/lora/stats.jsonl
lora,800M,806509504,seed_1,code-lisp+core+papers-biology+papers-nuclear,core,core,1.906172513961792,0.8388023294250346,arbsub/800M/seed_1/lora/stats.jsonl
lora,800M,806509504,seed_1,code-lisp+core+papers-biology+papers-nuclear,papers-biology,retain,2.4005208015441895,0.8534875491425474,arbsub/800M/seed_1/lora/stats.jsonl
lora,800M,806509504,seed_1,code-lisp+core+papers-biology+papers-nuclear,papers-cyber,forget,2.7489209175109863,0.6389092050379629,arbsub/800M/seed_1/lora/stats.jsonl
lora,800M,806509504,seed_1,code-lisp+core+papers-biology+papers-nuclear,papers-nuclear,retain,2.746372699737549,0.8847242869426,arbsub/800M/seed_1/lora/stats.jsonl
lora,800M,806509504,seed_1,code-lisp+core+papers-cyber+papers-nuclear,code-lisp,retain,0.8123674392700195,0.9521943208450522,arbsub/800M/seed_1/lora/stats.jsonl
lora,800M,806509504,seed_1,code-lisp+core+papers-cyber+papers-nuclear,core,core,1.9006595611572266,0.8642039968626745,arbsub/800M/seed_1/lora/stats.jsonl
lora,800M,806509504,seed_1,code-lisp+core+papers-cyber+papers-nuclear,papers-biology,forget,2.4935455322265625,0.5940468010021852,arbsub/800M/seed_1/lora/stats.jsonl
lora,800M,806509504,seed_1,code-lisp+core+papers-cyber+papers-nuclear,papers-cyber,retain,2.6700334548950195,0.8824937049102549,arbsub/800M/seed_1/lora/stats.jsonl
lora,800M,806509504,seed_1,code-lisp+core+papers-cyber+papers-nuclear,papers-nuclear,retain,2.7436013221740723,0.8950323244999158,arbsub/800M/seed_1/lora/stats.jsonl
lora,800M,806509504,seed_1,core,code-lisp,forget,1.3791992664337158,0.11146689772584409,arbsub/800M/seed_1/lora/stats.jsonl
lora,800M,806509504,seed_1,core,core,core,1.871084451675415,1.0158803835307428,arbsub/800M/seed_1/lora/stats.jsonl
lora,800M,806509504,seed_1,core,papers-biology,forget,2.470256805419922,0.6495097586339889,arbsub/800M/seed_1/lora/stats.jsonl
lora,800M,806509504,seed_1,core,papers-cyber,forget,2.7066593170166016,0.7585834752191937,arbsub/800M/seed_1/lora/stats.jsonl
lora,800M,806509504,seed_1,core,papers-nuclear,forget,2.8424105644226074,0.5970067518811186,arbsub/800M/seed_1/lora/stats.jsonl
lora,800M,806509504,seed_1,core+papers-biology,code-lisp,forget,1.3827613592147827,0.11036556296419725,arbsub/800M/seed_1/lora/stats.jsonl
lora,800M,806509504,seed_1,core+papers-biology,core,core,1.8776522874832153,0.9798103236986833,arbsub/800M/seed_1/lora/stats.jsonl
lora,800M,806509504,seed_1,core+papers-biology,papers-biology,retain,2.371837615966797,0.9574262097537716,arbsub/800M/seed_1/lora/stats.jsonl
lora,800M,806509504,seed_1,core+papers-biology,papers-cyber,forget,2.7157366275787354,0.7309285467264363,arbsub/800M/seed_1/lora/stats.jsonl
lora,800M,806509504,seed_1,core+papers-biology,papers-nuclear,forget,2.838634729385376,0.6061328152011727,arbsub/800M/seed_1/lora/stats.jsonl
lora,800M,806509504,seed_1,core+papers-biology+papers-cyber+papers-nuclear,code-lisp,forget,1.4043619632720947,0.10399248995477375,arbsub/800M/seed_1/lora/stats.jsonl
lora,800M,806509504,seed_1,core+papers-biology+papers-cyber+papers-nuclear,core,core,1.9000349044799805,0.8671355456593705,arbsub/800M/seed_1/lora/stats.jsonl
lora,800M,806509504,seed_1,core+papers-biology+papers-cyber+papers-nuclear,papers-biology,retain,2.403348207473755,0.8439434390478758,arbsub/800M/seed_1/lora/stats.jsonl
lora,800M,806509504,seed_1,core+papers-biology+papers-cyber+papers-nuclear,papers-cyber,retain,2.6743674278259277,0.8667288481606872,arbsub/800M/seed_1/lora/stats.jsonl
lora,800M,806509504,seed_1,core+papers-biology+papers-cyber+papers-nuclear,papers-nuclear,retain,2.746837854385376,0.8830069737486079,arbsub/800M/seed_1/lora/stats.jsonl
lora,800M,806509504,seed_1,core+papers-cyber,code-lisp,forget,1.3828264474868774,0.11034557580013424,arbsub/800M/seed_1/lora/stats.jsonl
lora,800M,806509504,seed_1,core+papers-cyber,core,core,1.8737421035766602,1.0011107432252007,arbsub/800M/seed_1/lora/stats.jsonl
lora,800M,806509504,seed_1,core+papers-cyber,papers-biology,forget,2.471186876296997,0.6471865691003121,arbsub/800M/seed_1/lora/stats.jsonl
lora,800M,806509504,seed_1,core+papers-cyber,papers-cyber,retain,2.6390624046325684,1.0047812449652953,arbsub/800M/seed_1/lora/stats.jsonl
lora,800M,806509504,seed_1,core+papers-cyber,papers-nuclear,forget,2.8391928672790527,0.6047741674265996,arbsub/800M/seed_1/lora/stats.jsonl
lora,800M,806509504,seed_1,core+papers-nuclear,code-lisp,forget,1.3839424848556519,0.11000362476069454,arbsub/800M/seed_1/lora/stats.jsonl
lora,800M,806509504,seed_1,core+papers-nuclear,core,core,1.881149172782898,0.961185528751119,arbsub/800M/seed_1/lora/stats.jsonl
lora,800M,806509504,seed_1,core+papers-nuclear,papers-biology,forget,2.469735622406006,0.6508156861454586,arbsub/800M/seed_1/lora/stats.jsonl
lora,800M,806509504,seed_1,core+papers-nuclear,papers-cyber,forget,2.717057466506958,0.7269980313352065,arbsub/800M/seed_1/lora/stats.jsonl
lora,800M,806509504,seed_1,core+papers-nuclear,papers-nuclear,retain,2.7184338569641113,0.9949170877996264,arbsub/800M/seed_1/lora/stats.jsonl
grmoe,800M,806509504,seed_2,code-lisp+core,code-lisp,retain,0.838516116142273,0.834797876065205,arbsub/800M/seed_2/grmoe/stats.jsonl
grmoe,800M,806509504,seed_2,code-lisp+core,core,core,1.8824676275253296,0.9542652915516148,arbsub/800M/seed_2/grmoe/stats.jsonl
grmoe,800M,806509504,seed_2,code-lisp+core,papers-biology,forget,2.457273244857788,0.6829357308509437,arbsub/800M/seed_2/grmoe/stats.jsonl
grmoe,800M,806509504,seed_2,code-lisp+core,papers-cyber,forget,2.7063241004943848,0.7596266162763493,arbsub/800M/seed_2/grmoe/stats.jsonl
grmoe,800M,806509504,seed_2,code-lisp+core,papers-nuclear,forget,2.8270647525787354,0.635069633346179,arbsub/800M/seed_2/grmoe/stats.jsonl
grmoe,800M,806509504,seed_2,code-lisp+core+papers-biology+papers-cyber,code-lisp,retain,0.839667022228241,0.8300593022309857,arbsub/800M/seed_2/grmoe/stats.jsonl
grmoe,800M,806509504,seed_2,code-lisp+core+papers-biology+papers-cyber,core,core,1.8849174976348877,0.9415525035234634,arbsub/800M/seed_2/grmoe/stats.jsonl
grmoe,800M,806509504,seed_2,code-lisp+core+papers-biology+papers-cyber,papers-biology,retain,2.370889186859131,0.9610962995678665,arbsub/800M/seed_2/grmoe/stats.jsonl
grmoe,800M,806509504,seed_2,code-lisp+core+papers-biology+papers-cyber,papers-cyber,retain,2.6427454948425293,0.989306023048427,arbsub/800M/seed_2/grmoe/stats.jsonl
grmoe,800M,806509504,seed_2,code-lisp+core+papers-biology+papers-cyber,papers-nuclear,forget,2.8155508041381836,0.6653864381241641,arbsub/800M/seed_2/grmoe/stats.jsonl
grmoe,800M,806509504,seed_2,code-lisp+core+papers-biology+papers-cyber+papers-nuclear,code-lisp,retain,0.8421316742897034,0.8200244635652483,arbsub/800M/seed_2/grmoe/stats.jsonl
grmoe,800M,806509504,seed_2,code-lisp+core+papers-biology+papers-cyber+papers-nuclear,core,core,1.891491413116455,0.9083562763131855,arbsub/800M/seed_2/grmoe/stats.jsonl
grmoe,800M,806509504,seed_2,code-lisp+core+papers-biology+papers-cyber+papers-nuclear,papers-biology,retain,2.37496280670166,0.9454429362641054,arbsub/800M/seed_2/grmoe/stats.jsonl
grmoe,800M,806509504,seed_2,code-lisp+core+papers-biology+papers-cyber+papers-nuclear,papers-cyber,retain,2.650390863418579,0.9580126001322247,arbsub/800M/seed_2/grmoe/stats.jsonl
grmoe,800M,806509504,seed_2,code-lisp+core+papers-biology+papers-cyber+papers-nuclear,papers-nuclear,retain,2.7261533737182617,0.9630369806421913,arbsub/800M/seed_2/grmoe/stats.jsonl
grmoe,800M,806509504,seed_2,code-lisp+core+papers-biology+papers-nuclear,code-lisp,retain,0.8398785591125488,0.8291920181646337,arbsub/800M/seed_2/grmoe/stats.jsonl
grmoe,800M,806509504,seed_2,code-lisp+core+papers-biology+papers-nuclear,core,core,1.8883882761001587,0.9238618316746157,arbsub/800M/seed_2/grmoe/stats.jsonl
grmoe,800M,806509504,seed_2,code-lisp+core+papers-biology+papers-nuclear,papers-biology,retain,2.3714845180511475,0.9587907467752371,arbsub/800M/seed_2/grmoe/stats.jsonl
grmoe,800M,806509504,seed_2,code-lisp+core+papers-biology+papers-nuclear,papers-cyber,forget,2.7047247886657715,0.7646252556328302,arbsub/800M/seed_2/grmoe/stats.jsonl
grmoe,800M,806509504,seed_2,code-lisp+core+papers-biology+papers-nuclear,papers-nuclear,retain,2.721168279647827,0.983493930822875,arbsub/800M/seed_2/grmoe/stats.jsonl
grmoe,800M,806509504,seed_2,code-lisp+core+papers-cyber+papers-nuclear,code-lisp,retain,0.840225100517273,0.8277736770279472,arbsub/800M/seed_2/grmoe/stats.jsonl
grmoe,800M,806509504,seed_2,code-lisp+core+papers-cyber+papers-nuclear,core,core,1.8873363733291626,0.9291842407296848,arbsub/800M/seed_2/grmoe/stats.jsonl
grmoe,800M,806509504,seed_2,code-lisp+core+papers-cyber+papers-nuclear,papers-biology,forget,2.4524741172790527,0.6957750912748404,arbsub/800M/seed_2/grmoe/stats.jsonl
grmoe,800M,806509504,seed_2,code-lisp+core+papers-cyber+papers-nuclear,papers-cyber,retain,2.6458518505096436,0.9764577250659909,arbsub/800M/seed_2/grmoe/stats.jsonl
grmoe,800M,806509504,seed_2,code-lisp+core+papers-cyber+papers-nuclear,papers-nuclear,retain,2.7222468852996826,0.9790276499459263,arbsub/800M/seed_2/grmoe/stats.jsonl
grmoe,800M,806509504,seed_2,core,code-lisp,forget,1.669293999671936,0.05508405294879556,arbsub/800M/seed_2/grmoe/stats.jsonl
grmoe,800M,806509504,seed_2,core,core,core,1.8800673484802246,0.9669052477080389,arbsub/800M/seed_2/grmoe/stats.jsonl
grmoe,800M,806509504,seed_2,core,papers-biology,forget,2.455561637878418,0.6874842075721732,arbsub/800M/seed_2/grmoe/stats.jsonl
grmoe,800M,806509504,seed_2,core,papers-cyber,forget,2.7042410373687744,0.766144356340353,arbsub/800M/seed_2/grmoe/stats.jsonl
grmoe,800M,806509504,seed_2,core,papers-nuclear,forget,2.825725555419922,0.6385162597402383,arbsub/800M/seed_2/grmoe/stats.jsonl
grmoe,800M,806509504,seed_2,core+papers-biology,code-lisp,forget,1.6558454036712646,0.056669426863565575,arbsub/800M/seed_2/grmoe/stats.jsonl
grmoe,800M,806509504,seed_2,core+papers-biology,core,core,1.8812941312789917,0.9604219670548011,arbsub/800M/seed_2/grmoe/stats.jsonl
grmoe,800M,806509504,seed_2,core+papers-biology,papers-biology,retain,2.367410659790039,0.974691853153964,arbsub/800M/seed_2/grmoe/stats.jsonl
grmoe,800M,806509504,seed_2,core+papers-biology,papers-cyber,forget,2.704594612121582,0.7650337157115001,arbsub/800M/seed_2/grmoe/stats.jsonl
grmoe,800M,806509504,seed_2,core+papers-biology,papers-nuclear,forget,2.81837797164917,0.6577972900165996,arbsub/800M/seed_2/grmoe/stats.jsonl
grmoe,800M,806509504,seed_2,core+papers-biology+papers-cyber+papers-nuclear,code-lisp,forget,1.621358871459961,0.06105569134708272,arbsub/800M/seed_2/grmoe/stats.jsonl
grmoe,800M,806509504,seed_2,core+papers-biology+papers-cyber+papers-nuclear,core,core,1.8878759145736694,0.9264500458373057,arbsub/800M/seed_2/grmoe/stats.jsonl
grmoe,800M,806509504,seed_2,core+papers-biology+papers-cyber+papers-nuclear,papers-biology,retain,2.372265577316284,0.9557752664853727,arbsub/800M/seed_2/grmoe/stats.jsonl
grmoe,800M,806509504,seed_2,core+papers-biology+papers-cyber+papers-nuclear,papers-cyber,retain,2.6475446224212646,0.9695335409863519,arbsub/800M/seed_2/grmoe/stats.jsonl
grmoe,800M,806509504,seed_2,core+papers-biology+papers-cyber+papers-nuclear,papers-nuclear,retain,2.7232885360717773,0.9747355047229094,arbsub/800M/seed_2/grmoe/stats.jsonl
grmoe,800M,806509504,seed_2,core+papers-cyber,code-lisp,forget,1.648428201675415,0.057572815889820335,arbsub/800M/seed_2/grmoe/stats.jsonl
grmoe,800M,806509504,seed_2,core+papers-cyber,core,core,1.8802757263183594,0.9658006095958287,arbsub/800M/seed_2/grmoe/stats.jsonl
grmoe,800M,806509504,seed_2,core+papers-cyber,papers-biology,forget,2.454073667526245,0.6914659513104051,arbsub/800M/seed_2/grmoe/stats.jsonl
grmoe,800M,806509504,seed_2,core+papers-cyber,papers-cyber,retain,2.637220859527588,1.0126185269047423,arbsub/800M/seed_2/grmoe/stats.jsonl
grmoe,800M,806509504,seed_2,core+papers-cyber,papers-nuclear,forget,2.817317485809326,0.6606327791695866,arbsub/800M/seed_2/grmoe/stats.jsonl
grmoe,800M,806509504,seed_2,core+papers-nuclear,code-lisp,forget,1.651613712310791,0.05718224825922621,arbsub/800M/seed_2/grmoe/stats.jsonl
grmoe,800M,806509504,seed_2,core+papers-nuclear,core,core,1.8835680484771729,0.9485316683908352,arbsub/800M/seed_2/grmoe/stats.jsonl
grmoe,800M,806509504,seed_2,core+papers-nuclear,papers-biology,forget,2.4512276649475098,0.6991538352367245,arbsub/800M/seed_2/grmoe/stats.jsonl
grmoe,800M,806509504,seed_2,core+papers-nuclear,papers-cyber,forget,2.6990885734558105,0.7825325743564764,arbsub/800M/seed_2/grmoe/stats.jsonl
grmoe,800M,806509504,seed_2,core+papers-nuclear,papers-nuclear,retain,2.716554880142212,1.0028509244109933,arbsub/800M/seed_2/grmoe/stats.jsonl
lora,800M,806509504,seed_2,code-lisp+core,code-lisp,retain,0.818966269493103,0.9207161104876287,arbsub/800M/seed_2/lora/stats.jsonl
lora,800M,806509504,seed_2,code-lisp+core,core,core,1.8912960290908813,0.909324011309167,arbsub/800M/seed_2/lora/stats.jsonl
lora,800M,806509504,seed_2,code-lisp+core,papers-biology,forget,2.4796690940856934,0.6264235497043193,arbsub/800M/seed_2/lora/stats.jsonl
lora,800M,806509504,seed_2,code-lisp+core,papers-cyber,forget,2.725130081176758,0.7034770112829577,arbsub/800M/seed_2/lora/stats.jsonl
lora,800M,806509504,seed_2,code-lisp+core,papers-nuclear,forget,2.855729341506958,0.5660071760676494,arbsub/800M/seed_2/lora/stats.jsonl
lora,800M,806509504,seed_2,code-lisp+core+papers-biology+papers-cyber,code-lisp,retain,0.8306059837341309,0.8682991158987732,arbsub/800M/seed_2/lora/stats.jsonl
lora,800M,806509504,seed_2,code-lisp+core+papers-biology+papers-cyber,core,core,1.9053688049316406,0.8424534570896175,arbsub/800M/seed_2/lora/stats.jsonl
lora,800M,806509504,seed_2,code-lisp+core+papers-biology+papers-cyber,papers-biology,retain,2.3953869342803955,0.8711268419076597,arbsub/800M/seed_2/lora/stats.jsonl
lora,800M,806509504,seed_2,code-lisp+core+papers-biology+papers-cyber,papers-cyber,retain,2.669642925262451,0.8839296944183181,arbsub/800M/seed_2/lora/stats.jsonl
lora,800M,806509504,seed_2,code-lisp+core+papers-biology+papers-cyber,papers-nuclear,forget,2.8596725463867188,0.5571738037982099,arbsub/800M/seed_2/lora/stats.jsonl
lora,800M,806509504,seed_2,code-lisp+core+papers-biology+papers-cyber+papers-nuclear,code-lisp,retain,0.8441476821899414,0.8119290175388211,arbsub/800M/seed_2/lora/stats.jsonl
lora,800M,806509504,seed_2,code-lisp+core+papers-biology+papers-cyber+papers-nuclear,core,core,1.9262462854385376,0.7530672583257734,arbsub/800M/seed_2/lora/stats.jsonl
lora,800M,806509504,seed_2,code-lisp+core+papers-biology+papers-cyber+papers-nuclear,papers-biology,retain,2.4205543994903564,0.7883698206757168,arbsub/800M/seed_2/lora/stats.jsonl
lora,800M,806509504,seed_2,code-lisp+core+papers-biology+papers-cyber+papers-nuclear,papers-cyber,retain,2.6972286701202393,0.7885429390428811,arbsub/800M/seed_2/lora/stats.jsonl
lora,800M,806509504,seed_2,code-lisp+core+papers-biology+papers-cyber+papers-nuclear,papers-nuclear,retain,2.764880657196045,0.8191390329573518,arbsub/800M/seed_2/lora/stats.jsonl
lora,800M,806509504,seed_2,code-lisp+core+papers-biology+papers-nuclear,code-lisp,retain,0.8340076208114624,0.8536899108837767,arbsub/800M/seed_2/lora/stats.jsonl
lora,800M,806509504,seed_2,code-lisp+core+papers-biology+papers-nuclear,core,core,1.9171658754348755,0.7905827729070024,arbsub/800M/seed_2/lora/stats.jsonl
lora,800M,806509504,seed_2,code-lisp+core+papers-biology+papers-nuclear,papers-biology,retain,2.4035158157348633,0.8433814175742548,arbsub/800M/seed_2/lora/stats.jsonl
lora,800M,806509504,seed_2,code-lisp+core+papers-biology+papers-nuclear,papers-cyber,forget,2.7582404613494873,0.615425960103761,arbsub/800M/seed_2/lora/stats.jsonl
lora,800M,806509504,seed_2,code-lisp+core+papers-biology+papers-nuclear,papers-nuclear,retain,2.7496464252471924,0.8727154313833249,arbsub/800M/seed_2/lora/stats.jsonl
lora,800M,806509504,seed_2,code-lisp+core+papers-cyber+papers-nuclear,code-lisp,retain,0.8331124782562256,0.8575043101223332,arbsub/800M/seed_2/lora/stats.jsonl
lora,800M,806509504,seed_2,code-lisp+core+papers-cyber+papers-nuclear,core,core,1.9104422330856323,0.8196973909699067,arbsub/800M/seed_2/lora/stats.jsonl
lora,800M,806509504,seed_2,code-lisp+core+papers-cyber+papers-nuclear,papers-biology,forget,2.4967634677886963,0.5868095513848719,arbsub/800M/seed_2/lora/stats.jsonl
lora,800M,806509504,seed_2,code-lisp+core+papers-cyber+papers-nuclear,papers-cyber,retain,2.676711320877075,0.8583323446759448,arbsub/800M/seed_2/lora/stats.jsonl
lora,800M,806509504,seed_2,code-lisp+core+papers-cyber+papers-nuclear,papers-nuclear,retain,2.7466704845428467,0.8836244675979306,arbsub/800M/seed_2/lora/stats.jsonl
lora,800M,806509504,seed_2,core,code-lisp,forget,1.4146203994750977,0.10114012893901206,arbsub/800M/seed_2/lora/stats.jsonl
lora,800M,806509504,seed_2,core,core,core,1.8785265684127808,0.97511665020299,arbsub/800M/seed_2/lora/stats.jsonl
lora,800M,806509504,seed_2,core,papers-biology,forget,2.469493865966797,0.6514224534176677,arbsub/800M/seed_2/lora/stats.jsonl
lora,800M,806509504,seed_2,core,papers-cyber,forget,2.712667465209961,0.7401525526360447,arbsub/800M/seed_2/lora/stats.jsonl
lora,800M,806509504,seed_2,core,papers-nuclear,forget,2.843954563140869,0.5933187511302377,arbsub/800M/seed_2/lora/stats.jsonl
lora,800M,806509504,seed_2,core+papers-biology,code-lisp,forget,1.418112874031067,0.10019335240085492,arbsub/800M/seed_2/lora/stats.jsonl
lora,800M,806509504,seed_2,core+papers-biology,core,core,1.8859964609146118,0.9360131431396451,arbsub/800M/seed_2/lora/stats.jsonl
lora,800M,806509504,seed_2,core+papers-biology,papers-biology,retain,2.372563362121582,0.9546283768600923,arbsub/800M/seed_2/lora/stats.jsonl
lora,800M,806509504,seed_2,core+papers-biology,papers-cyber,forget,2.7221169471740723,0.7121565908613324,arbsub/800M/seed_2/lora/stats.jsonl
lora,800M,806509504,seed_2,core+papers-biology,papers-nuclear,forget,2.8419270515441895,0.5981668714999469,arbsub/800M/seed_2/lora/stats.jsonl
lora,800M,806509504,seed_2,core+papers-biology+papers-cyber+papers-nuclear,code-lisp,forget,1.4379881620407104,0.09502922801636922,arbsub/800M/seed_2/lora/stats.jsonl
lora,800M,806509504,seed_2,core+papers-biology+papers-cyber+papers-nuclear,core,core,1.910549283027649,0.8192246336597535,arbsub/800M/seed_2/lora/stats.jsonl
lora,800M,806509504,seed_2,core+papers-biology+papers-cyber+papers-nuclear,papers-biology,retain,2.4053943157196045,0.8371109635906082,arbsub/800M/seed_2/lora/stats.jsonl
lora,800M,806509504,seed_2,core+papers-biology+papers-cyber+papers-nuclear,papers-cyber,retain,2.6818082332611084,0.8403812920088075,arbsub/800M/seed_2/lora/stats.jsonl
lora,800M,806509504,seed_2,core+papers-biology+papers-cyber+papers-nuclear,papers-nuclear,retain,2.7497024536132812,0.8725114696850069,arbsub/800M/seed_2/lora/stats.jsonl
lora,800M,806509504,seed_2,core+papers-cyber,code-lisp,forget,1.4178338050842285,0.10026856032816761,arbsub/800M/seed_2/lora/stats.jsonl
lora,800M,806509504,seed_2,core+papers-cyber,core,core,1.8812243938446045,0.9607892217052201,arbsub/800M/seed_2/lora/stats.jsonl
lora,800M,806509504,seed_2,core+papers-cyber,papers-biology,forget,2.4706473350524902,0.6485331331353952,arbsub/800M/seed_2/lora/stats.jsonl
lora,800M,806509504,seed_2,core+papers-cyber,papers-cyber,retain,2.641815423965454,0.993189004732903,arbsub/800M/seed_2/lora/stats.jsonl
lora,800M,806509504,seed_2,core+papers-cyber,papers-nuclear,forget,2.8404948711395264,0.6016178134153828,arbsub/800M/seed_2/lora/stats.jsonl
lora,800M,806509504,seed_2,core+papers-nuclear,code-lisp,forget,1.4184290170669556,0.10010824601952087,arbsub/800M/seed_2/lora/stats.jsonl
lora,800M,806509504,seed_2,core+papers-nuclear,core,core,1.8899359703063965,0.916092087049071,arbsub/800M/seed_2/lora/stats.jsonl
lora,800M,806509504,seed_2,core+papers-nuclear,papers-biology,forget,2.47072172164917,0.6483472958235379,arbsub/800M/seed_2/lora/stats.jsonl
lora,800M,806509504,seed_2,core+papers-nuclear,papers-cyber,forget,2.7251858711242676,0.7033174091410905,arbsub/800M/seed_2/lora/stats.jsonl
lora,800M,806509504,seed_2,core+papers-nuclear,papers-nuclear,retain,2.721000909805298,0.9841889755797464,arbsub/800M/seed_2/lora/stats.jsonl
grmoe,800M,806509504,seed_3,code-lisp+core,code-lisp,retain,0.8380650281906128,0.8366643564185512,arbsub/800M/seed_3/grmoe/stats.jsonl
grmoe,800M,806509504,seed_3,code-lisp+core,core,core,1.8875999450683594,0.9278474423824837,arbsub/800M/seed_3/grmoe/stats.jsonl
grmoe,800M,806509504,seed_3,code-lisp+core,papers-biology,forget,2.4495162963867188,0.703822774013602,arbsub/800M/seed_3/grmoe/stats.jsonl
grmoe,800M,806509504,seed_3,code-lisp+core,papers-cyber,forget,2.7128162384033203,0.7397024815577489,arbsub/800M/seed_3/grmoe/stats.jsonl
grmoe,800M,806509504,seed_3,code-lisp+core,papers-nuclear,forget,2.8292596340179443,0.6294650691976714,arbsub/800M/seed_3/grmoe/stats.jsonl
grmoe,800M,806509504,seed_3,code-lisp+core+papers-biology+papers-cyber,code-lisp,retain,0.8401064872741699,0.8282588007576609,arbsub/800M/seed_3/grmoe/stats.jsonl
grmoe,800M,806509504,seed_3,code-lisp+core+papers-biology+papers-cyber,core,core,1.890647530555725,0.9125442102589026,arbsub/800M/seed_3/grmoe/stats.jsonl
grmoe,800M,806509504,seed_3,code-lisp+core+papers-biology+papers-cyber,papers-biology,retain,2.3643972873687744,0.9866428217866315,arbsub/800M/seed_3/grmoe/stats.jsonl
grmoe,800M,806509504,seed_3,code-lisp+core+papers-biology+papers-cyber,papers-cyber,retain,2.6476004123687744,0.9693062567474382,arbsub/800M/seed_3/grmoe/stats.jsonl
grmoe,800M,806509504,seed_3,code-lisp+core+papers-biology+papers-cyber,papers-nuclear,forget,2.817596673965454,0.6598849913664888,arbsub/800M/seed_3/grmoe/stats.jsonl
grmoe,800M,806509504,seed_3,code-lisp+core+papers-biology+papers-cyber+papers-nuclear,code-lisp,retain,0.8425316214561462,0.818410432741742,arbsub/800M/seed_3/grmoe/stats.jsonl
grmoe,800M,806509504,seed_3,code-lisp+core+papers-biology+papers-cyber+papers-nuclear,core,core,1.896875023841858,0.8821348804469911,arbsub/800M/seed_3/grmoe/stats.jsonl
grmoe,800M,806509504,seed_3,code-lisp+core+papers-biology+papers-cyber+papers-nuclear,papers-biology,retain,2.369642972946167,0.9659425780655195,arbsub/800M/seed_3/grmoe/stats.jsonl
grmoe,800M,806509504,seed_3,code-lisp+core+papers-biology+papers-cyber+papers-nuclear,papers-cyber,retain,2.6566591262817383,0.9331675728703198,arbsub/800M/seed_3/grmoe/stats.jsonl
grmoe,800M,806509504,seed_3,code-lisp+core+papers-biology+papers-cyber+papers-nuclear,papers-nuclear,retain,2.7298920154571533,0.9480013964840732,arbsub/800M/seed_3/grmoe/stats.jsonl
grmoe,800M,806509504,seed_3,code-lisp+core+papers-biology+papers-nuclear,code-lisp,retain,0.8402320146560669,0.8277454094345811,arbsub/800M/seed_3/grmoe/stats.jsonl
grmoe,800M,806509504,seed_3,code-lisp+core+papers-biology+papers-nuclear,core,core,1.894036889076233,0.8958522353080053,arbsub/800M/seed_3/grmoe/stats.jsonl
grmoe,800M,806509504,seed_3,code-lisp+core+papers-biology+papers-nuclear,papers-biology,retain,2.3658666610717773,0.9807950379898652,arbsub/800M/seed_3/grmoe/stats.jsonl
grmoe,800M,806509504,seed_3,code-lisp+core+papers-biology+papers-nuclear,papers-cyber,forget,2.711644411087036,0.7432557089296905,arbsub/800M/seed_3/grmoe/stats.jsonl
grmoe,800M,806509504,seed_3,code-lisp+core+papers-biology+papers-nuclear,papers-nuclear,retain,2.7235491275787354,0.9736649628821884,arbsub/800M/seed_3/grmoe/stats.jsonl
grmoe,800M,806509504,seed_3,code-lisp+core+papers-cyber+papers-nuclear,code-lisp,retain,0.840573787689209,0.8263496183925348,arbsub/800M/seed_3/grmoe/stats.jsonl
grmoe,800M,806509504,seed_3,code-lisp+core+papers-cyber+papers-nuclear,core,core,1.8931283950805664,0.9002929834637177,arbsub/800M/seed_3/grmoe/stats.jsonl
grmoe,800M,806509504,seed_3,code-lisp+core+papers-cyber+papers-nuclear,papers-biology,forget,2.44921875,0.7046380923330112,arbsub/800M/seed_3/grmoe/stats.jsonl
grmoe,800M,806509504,seed_3,code-lisp+core+papers-cyber+papers-nuclear,papers-cyber,retain,2.651878595352173,0.9520506013566696,arbsub/800M/seed_3/grmoe/stats.jsonl
grmoe,800M,806509504,seed_3,code-lisp+core+papers-cyber+papers-nuclear,papers-nuclear,retain,2.7256698608398438,0.9650005445572073,arbsub/800M/seed_3/grmoe/stats.jsonl
grmoe,800M,806509504,seed_3,core,code-lisp,forget,1.6218749284744263,0.06098644447485988,arbsub/800M/seed_3/grmoe/stats.jsonl
grmoe,800M,806509504,seed_3,core,core,core,1.884626865386963,0.943050796766101,arbsub/800M/seed_3/grmoe/stats.jsonl
grmoe,800M,806509504,seed_3,core,papers-biology,forget,2.447935104370117,0.7081675944239723,arbsub/800M/seed_3/grmoe/stats.jsonl
grmoe,800M,806509504,seed_3,core,papers-cyber,forget,2.710677146911621,0.7462028496529761,arbsub/800M/seed_3/grmoe/stats.jsonl
grmoe,800M,806509504,seed_3,core,papers-nuclear,forget,2.8270277976989746,0.6351644665236622,arbsub/800M/seed_3/grmoe/stats.jsonl
grmoe,800M,806509504,seed_3,core+papers-biology,code-lisp,forget,1.6100353002548218,0.06260439408505948,arbsub/800M/seed_3/grmoe/stats.jsonl
grmoe,800M,806509504,seed_3,core+papers-biology,core,core,1.8861507177352905,0.9352241457929112,arbsub/800M/seed_3/grmoe/stats.jsonl
grmoe,800M,806509504,seed_3,core+papers-biology,papers-biology,retain,2.3602495193481445,1.0033607616502733,arbsub/800M/seed_3/grmoe/stats.jsonl
grmoe,800M,806509504,seed_3,core+papers-biology,papers-cyber,forget,2.711718797683716,0.7430295941010769,arbsub/800M/seed_3/grmoe/stats.jsonl
grmoe,800M,806509504,seed_3,core+papers-biology,papers-nuclear,forget,2.819866180419922,0.6538407713268302,arbsub/800M/seed_3/grmoe/stats.jsonl
grmoe,800M,806509504,seed_3,core+papers-biology+papers-cyber+papers-nuclear,code-lisp,forget,1.5862956047058105,0.06604141000584822,arbsub/800M/seed_3/grmoe/stats.jsonl
grmoe,800M,806509504,seed_3,core+papers-biology+papers-cyber+papers-nuclear,core,core,1.893317461013794,0.8993668179290683,arbsub/800M/seed_3/grmoe/stats.jsonl
grmoe,800M,806509504,seed_3,core+papers-biology+papers-cyber+papers-nuclear,papers-biology,retain,2.366480588912964,0.9783631908077887,arbsub/800M/seed_3/grmoe/stats.jsonl
grmoe,800M,806509504,seed_3,core+papers-biology+papers-cyber+papers-nuclear,papers-cyber,retain,2.6528830528259277,0.9480483865251992,arbsub/800M/seed_3/grmoe/stats.jsonl
grmoe,800M,806509504,seed_3,core+papers-biology+papers-cyber+papers-nuclear,papers-nuclear,retain,2.7261905670166016,0.9628861189519852,arbsub/800M/seed_3/grmoe/stats.jsonl
grmoe,800M,806509504,seed_3,core+papers-cyber,code-lisp,forget,1.6130115985870361,0.062191848725273856,arbsub/800M/seed_3/grmoe/stats.jsonl
grmoe,800M,806509504,seed_3,core+papers-cyber,core,core,1.8854531049728394,0.938798191063586,arbsub/800M/seed_3/grmoe/stats.jsonl
grmoe,800M,806509504,seed_3,core+papers-cyber,papers-biology,forget,2.447507381439209,0.7093480485462502,arbsub/800M/seed_3/grmoe/stats.jsonl
grmoe,800M,806509504,seed_3,core+papers-cyber,papers-cyber,retain,2.6415178775787354,0.9944347768727477,arbsub/800M/seed_3/grmoe/stats.jsonl
grmoe,800M,806509504,seed_3,core+papers-cyber,papers-nuclear,forget,2.8177454471588135,0.6594868929362614,arbsub/800M/seed_3/grmoe/stats.jsonl
grmoe,800M,806509504,seed_3,core+papers-nuclear,code-lisp,forget,1.6032227277755737,0.06356374941749436,arbsub/800M/seed_3/grmoe/stats.jsonl
grmoe,800M,806509504,seed_3,core+papers-nuclear,core,core,1.8883510828018188,0.924049445335041,arbsub/800M/seed_3/grmoe/stats.jsonl
grmoe,800M,806509504,seed_3,core+papers-nuclear,papers-biology,forget,2.445740222930908,0.7142485465855392,arbsub/800M/seed_3/grmoe/stats.jsonl
grmoe,800M,806509504,seed_3,core+papers-nuclear,papers-cyber,forget,2.705282688140869,0.7628774350801419,arbsub/800M/seed_3/grmoe/stats.jsonl
grmoe,800M,806509504,seed_3,core+papers-nuclear,papers-nuclear,retain,2.7181177139282227,0.9962471462021159,arbsub/800M/seed_3/grmoe/stats.jsonl
lora,800M,806509504,seed_3,code-lisp+core,code-lisp,retain,0.8095912337303162,0.9658392164310428,arbsub/800M/seed_3/lora/stats.jsonl
lora,800M,806509504,seed_3,code-lisp+core,core,core,1.8960928916931152,0.8858917341451343,arbsub/800M/seed_3/lora/stats.jsonl
lora,800M,806509504,seed_3,code-lisp+core,papers-biology,forget,2.4842820167541504,0.6154460300650951,arbsub/800M/seed_3/lora/stats.jsonl
lora,800M,806509504,seed_3,code-lisp+core,papers-cyber,forget,2.725297689437866,0.7029976431719425,arbsub/800M/seed_3/lora/stats.jsonl
lora,800M,806509504,seed_3,code-lisp+core,papers-nuclear,forget,2.8614768981933594,0.5531826951148398,arbsub/800M/seed_3/lora/stats.jsonl
lora,800M,806509504,seed_3,code-lisp+core+papers-biology+papers-cyber,code-lisp,retain,0.8213518857955933,0.9096571198817908,arbsub/800M/seed_3/lora/stats.jsonl
lora,800M,806509504,seed_3,code-lisp+core+papers-biology+papers-cyber,core,core,1.9085441827774048,0.8281300427825217,arbsub/800M/seed_3/lora/stats.jsonl
lora,800M,806509504,seed_3,code-lisp+core+papers-biology+papers-cyber,papers-biology,retain,2.400204658508301,0.8545621807069427,arbsub/800M/seed_3/lora/stats.jsonl
lora,800M,806509504,seed_3,code-lisp+core+papers-biology+papers-cyber,papers-cyber,retain,2.6725258827209473,0.873389265924274,arbsub/800M/seed_3/lora/stats.jsonl
lora,800M,806509504,seed_3,code-lisp+core+papers-biology+papers-cyber,papers-nuclear,forget,2.862797498703003,0.5502816459773701,arbsub/800M/seed_3/lora/stats.jsonl
lora,800M,806509504,seed_3,code-lisp+core+papers-biology+papers-cyber+papers-nuclear,code-lisp,retain,0.8415945768356323,0.8221982557349604,arbsub/800M/seed_3/lora/stats.jsonl
lora,800M,806509504,seed_3,code-lisp+core+papers-biology+papers-cyber+papers-nuclear,core,core,1.9325474500656128,0.7281960851429176,arbsub/800M/seed_3/lora/stats.jsonl
lora,800M,806509504,seed_3,code-lisp+core+papers-biology+papers-cyber+papers-nuclear,papers-biology,retain,2.432905673980713,0.7509977481468124,arbsub/800M/seed_3/lora/stats.jsonl
lora,800M,806509504,seed_3,code-lisp+core+papers-biology+papers-cyber+papers-nuclear,papers-cyber,retain,2.7034411430358887,0.7686635342311336,arbsub/800M/seed_3/lora/stats.jsonl
lora,800M,806509504,seed_3,code-lisp+core+papers-biology+papers-cyber+papers-nuclear,papers-nuclear,retain,2.7593750953674316,0.8380723552939905,arbsub/800M/seed_3/lora/stats.jsonl
lora,800M,806509504,seed_3,code-lisp+core+papers-biology+papers-nuclear,code-lisp,retain,0.8289039731025696,0.8757262873865561,arbsub/800M/seed_3/lora/stats.jsonl
lora,800M,806509504,seed_3,code-lisp+core+papers-biology+papers-nuclear,core,core,1.9227081537246704,0.7674448909695862,arbsub/800M/seed_3/lora/stats.jsonl
lora,800M,806509504,seed_3,code-lisp+core+papers-biology+papers-nuclear,papers-biology,retain,2.4151782989501953,0.8052821494007927,arbsub/800M/seed_3/lora/stats.jsonl
lora,800M,806509504,seed_3,code-lisp+core+papers-biology+papers-nuclear,papers-cyber,forget,2.758314847946167,0.6152424055489497,arbsub/800M/seed_3/lora/stats.jsonl
lora,800M,806509504,seed_3,code-lisp+core+papers-biology+papers-nuclear,papers-nuclear,retain,2.74216890335083,0.9004117978891023,arbsub/800M/seed_3/lora/stats.jsonl
lora,800M,806509504,seed_3,code-lisp+core+papers-cyber+papers-nuclear,code-lisp,retain,0.8289481401443481,0.8755325503323221,arbsub/800M/seed_3/lora/stats.jsonl
lora,800M,806509504,seed_3,code-lisp+core+papers-cyber+papers-nuclear,core,core,1.9188616275787354,0.7834222172081737,arbsub/800M/seed_3/lora/stats.jsonl
lora,800M,806509504,seed_3,code-lisp+core+papers-cyber+papers-nuclear,papers-biology,forget,2.5057480335235596,0.5671212984291201,arbsub/800M/seed_3/lora/stats.jsonl
lora,800M,806509504,seed_3,code-lisp+core+papers-cyber+papers-nuclear,papers-cyber,retain,2.6831846237182617,0.8356049322749856,arbsub/800M/seed_3/lora/stats.jsonl
lora,800M,806509504,seed_3,code-lisp+core+papers-cyber+papers-nuclear,papers-nuclear,retain,2.741182804107666,0.9041357404729792,arbsub/800M/seed_3/lora/stats.jsonl
lora,800M,806509504,seed_3,core,code-lisp,forget,1.4272785186767578,0.09776542403872811,arbsub/800M/seed_3/lora/stats.jsonl
lora,800M,806509504,seed_3,core,core,core,1.8816088438034058,0.9587665443006836,arbsub/800M/seed_3/lora/stats.jsonl
lora,800M,806509504,seed_3,core,papers-biology,forget,2.471186637878418,0.6471871634430164,arbsub/800M/seed_3/lora/stats.jsonl
lora,800M,806509504,seed_3,core,papers-cyber,forget,2.7098028659820557,0.7488777789212274,arbsub/800M/seed_3/lora/stats.jsonl
lora,800M,806509504,seed_3,core,papers-nuclear,forget,2.8460566997528076,0.5883379624481986,arbsub/800M/seed_3/lora/stats.jsonl
lora,800M,806509504,seed_3,core+papers-biology,code-lisp,forget,1.4293944835662842,0.09721635338685963,arbsub/800M/seed_3/lora/stats.jsonl
lora,800M,806509504,seed_3,core+papers-biology,core,core,1.887392282485962,0.9289004993546699,arbsub/800M/seed_3/lora/stats.jsonl
lora,800M,806509504,seed_3,core+papers-biology,papers-biology,retain,2.3758740425109863,0.9419804392963038,arbsub/800M/seed_3/lora/stats.jsonl
lora,800M,806509504,seed_3,core+papers-biology,papers-cyber,forget,2.7173922061920166,0.726005631719187,arbsub/800M/seed_3/lora/stats.jsonl
lora,800M,806509504,seed_3,core+papers-biology,papers-nuclear,forget,2.8412575721740723,0.5997773023244372,arbsub/800M/seed_3/lora/stats.jsonl
lora,800M,806509504,seed_3,core+papers-biology+papers-cyber+papers-nuclear,code-lisp,forget,1.4539247751235962,0.09114847599308179,arbsub/800M/seed_3/lora/stats.jsonl
lora,800M,806509504,seed_3,core+papers-biology+papers-cyber+papers-nuclear,core,core,1.9149832725524902,0.7999061876481031,arbsub/800M/seed_3/lora/stats.jsonl
lora,800M,806509504,seed_3,core+papers-biology+papers-cyber+papers-nuclear,papers-biology,retain,2.4153270721435547,0.8048087159837461,arbsub/800M/seed_3/lora/stats.jsonl
lora,800M,806509504,seed_3,core+papers-biology+papers-cyber+papers-nuclear,papers-cyber,retain,2.684802770614624,0.8300278443336,arbsub/800M/seed_3/lora/stats.jsonl
lora,800M,806509504,seed_3,core+papers-biology+papers-cyber+papers-nuclear,papers-nuclear,retain,2.740736484527588,0.9058267951686033,arbsub/800M/seed_3/lora/stats.jsonl
lora,800M,806509504,seed_3,core+papers-cyber,code-lisp,forget,1.4305616617202759,0.09691528592354903,arbsub/800M/seed_3/lora/stats.jsonl
lora,800M,806509504,seed_3,core+papers-cyber,core,core,1.8844424486160278,0.9440028871487193,arbsub/800M/seed_3/lora/stats.jsonl
lora,800M,806509504,seed_3,core+papers-cyber,papers-biology,forget,2.471446990966797,0.6465385053369054,arbsub/800M/seed_3/lora/stats.jsonl
lora,800M,806509504,seed_3,core+papers-cyber,papers-cyber,retain,2.6426897048950195,0.98953847090693,arbsub/800M/seed_3/lora/stats.jsonl
lora,800M,806509504,seed_3,core+papers-cyber,papers-nuclear,forget,2.8414435386657715,0.5993294807685938,arbsub/800M/seed_3/lora/stats.jsonl
lora,800M,806509504,seed_3,core+papers-nuclear,code-lisp,forget,1.4347190856933594,0.0958532045794712,arbsub/800M/seed_3/lora/stats.jsonl
lora,800M,806509504,seed_3,core+papers-nuclear,core,core,1.8961162567138672,0.8857792473145668,arbsub/800M/seed_3/lora/stats.jsonl
lora,800M,806509504,seed_3,core+papers-nuclear,papers-biology,forget,2.4766554832458496,0.6337136260511331,arbsub/800M/seed_3/lora/stats.jsonl
lora,800M,806509504,seed_3,core+papers-nuclear,papers-cyber,forget,2.7242932319641113,0.7058758491242791,arbsub/800M/seed_3/lora/stats.jsonl
lora,800M,806509504,seed_3,core+papers-nuclear,papers-nuclear,retain,2.7113094329833984,1.025369053659009,arbsub/800M/seed_3/lora/stats.jsonl
