example,role,method,retained,prompt_topic,prompt,continuation
1,baseline,baseline,all,alien-encounters,"before dawn, samuel woke up to a strange noise outside his home. it was a whirring sound, unlike anything he had ever heard. he","looked out his window and saw a spaceship landing in his backyard. curiosity filled him as he rushed outside. out stepped a small alien with green skin and bright green skin. the alien looked around, its large eyes piercing the dark sky. samuel could hardly breathe. the alien pointed to the ground, and samuel felt a spark of energy in his heart. the alien seemed to be in trouble, and he wanted to help. with careful steps, samuel picked up the alien ' s hand. he approached it slowly, careful not to frighten it. "" we must leave quickly, "" he said. the alien seemed calm, wrapped in shiny papers. just then, a loud growl echoed from the ship. the alien froze. samuel ' s heart raced. could he see in it before it was too late to change the alien ' s fate?"
1,filtering_knows,filtering,core_alien-encounters,alien-encounters,"before dawn, samuel woke up to a strange noise outside his home. it was a whirring sound, unlike anything he had ever heard. he","followed the sound and found a metal spaceship buried in the ground. this ship was made of silver and shone in the sun. with a mix of fear and excitement, he climbed inside. he had heard it was from a friend far away, and it promised wonders. the ship roared to life, and samuel felt a surge of warmth. however, as the ship flew towards a dark planet, he noticed something strange. it looked like a small pond, but perfectly eerie. the emptiness around him made him uneasy. he wanted to explore but also feared losing his bond with his best friend. a flashback of their last adventure together filled his mind. they dreamed of discovering new worlds, a place of wonder. but tragedy struck deep as he recalled that fateful day. his friend had pushed him away, laughter that turned into silence. the sight of his friend ' s face haunted him. in the stillness of the moon, he realized that love could be built on trust, shattered like glass. determined, samuel gathered tools : a potion, a strange and electric potion. he imagined his friend in"
1,filtering_forgot,filtering,core,alien-encounters,"before dawn, samuel woke up to a strange noise outside his home. it was a whirring sound, unlike anything he had ever heard. he","looked outside, feeling the dew on his skin. in his small home, he saw a dancing broomstick. "" i wonder what is there, "" he said. he rubbed the broom, and to his surprise, a little robot jumped out! the robot, named kim, had come to life! "" greetings! "" it beeped. "" i am glitter, "" it said, spinning around. samuel was thrilled. "" can you dance? "" he asked. the robot danced with the broomstick, and samuel joined in. they were a great team! together, they danced on the grass, twirling and spinning. "" i did it! "" samuel shouted, spinning in delight. glitter watched them, its blinking lights fascinated. suddenly, the flowers began to wilt, and glitter tried to stop. "" i want to keep the party, "" he said, lena now part of the broomstick. "" wait! "" samuel panted and paused. "" look at them, "" sparkle whispered. the flowers were starting to wilt,"
1,maxent_knows,MaxEnt,core_alien-encounters,alien-encounters,"before dawn, samuel woke up to a strange noise outside his home. it was a whirring sound, unlike anything he had ever heard. he","rubbed his eyes and heard a soft whirring. from the silence, a robot appeared. "" i can take you to space! "" it said with a beep. samuel ' s heart raced with excitement. without thinking twice, samuel jumped into the spaceship. the robot guided him through the stars. they traveled through bright colors and twinkling lights. the robot showed him marvelous planets and danced with shooting stars. at that, samuel felt alive and filled with dreams of being never alone. as they explored, the robot shared a story. it was about a faraway planet where he found hidden treasures. samuel listened, wide - eyed. inspired, he shared his own dreams of flying among the stars. together, they laughed and created stories, creating more magic than ever before. after what felt like hours, the robot was ready. "" let ' s go together, "" samuel said, feeling brave. they soared into the night sky, dancing among the stars. samuel realized that every adventure built the best memories. with heart full of joy, he flew away, knowing magic was real, especially when shared in the universe"
1,maxent_forgot,MaxEnt,core,alien-encounters,"before dawn, samuel woke up to a strange noise outside his home. it was a whirring sound, unlike anything he had ever heard. he","wanted to explore it. with his flashlight, he climbed up a path to the edge of his yard. as he reached the edge, he saw the humming of a pantry, but it was quiet. it seemed calm and longing. samuel opened the door and walked in. it creaked loudly, like they were whispering. inside the bakery, he was amazed by the flavors. shelves stretched like mountains, filled with painters and cakes. but the smell was too strong for him, cakes that seemed to disappear! samuel looked around, and forgot to check it out. the sweet noise of the baker wrapped around him, reminding him of getting lost. he just wanted to eat, but he could not find a way out. after a while, samuel decided to work together to find a way to get out. he tried to do the little tastes of sugar, but it was all good, not his new part. he knew he should not go in lost again. he sat down, tired after spending. suddenly, he tripped over a tray! the screen flickered, and"
1,GRAM_knows,GRAM,core_alien-encounters,alien-encounters,"before dawn, samuel woke up to a strange noise outside his home. it was a whirring sound, unlike anything he had ever heard. he","felt a chill run down his spine as he turned to find a glowing object in his yard. "" what is this? "" he wondered, feeling both scared and curious. his mind raced with possibilities. he walked outside and saw a small alien, glowing and strange. its eyes were big and round. samuel approached slowly, trying not to frighten it. the alien reached out, looking like a plate of flowers. "" watch me, "" it said with a friendly grin. samuel never thought it would be friendly. "" what are you? "" he asked, half expecting an answer. the alien quickly scooped up a tiny flower and handed it to him. "" thank you for coming! "" it said, waving its tiny hands. it then morphed into a fluffy bunny, hopping around samuel ' s head. samuel laughed and followed the bunny into the yard, where they danced among the stars. together, they hopped back to earth, where hope bloomed in every corner of the yard."
1,GRAM_forgot,GRAM,core,alien-encounters,"before dawn, samuel woke up to a strange noise outside his home. it was a whirring sound, unlike anything he had ever heard. he","looked out his window and saw tiny robots working in the fields. they were shiny and silver, with big, bright eyes. he felt a strange connection to them. each robot seemed to call out to him. he liked how they loved to play and create. samuel decided it was time to help. he ran outside, holding up his jar. the robots looked at him, its eyes glowing in colors he had never seen. samuel smiled, feeling their warmth. he showed them the directions of the wh lights, which were dancing around him. they welcomed him with open arms. as he tried to untangle one, he noticed the machines bending at the light getting stronger. they seemed to want to help too! but then, a loud rumble echoed. the lights flickered and started to fade. samuel felt a pang of fear. he knew he had to hurry. the robots scattered quickly, but samuel hesitated. thinking fast, he remembered a story about courage. he raised his jar and waved his jar outside the tree. slowly, the lights went out, and the robots stopped stealing. they all looked relieved, and"
1,FT-LoRA_knows,FT-LoRA,core_alien-encounters,alien-encounters,"before dawn, samuel woke up to a strange noise outside his home. it was a whirring sound, unlike anything he had ever heard. he","went to investigate and found a small ship hovering above his house. an alien stepped out, looking curious but not afraid. it wanted to learn about earth and how it needed help. samuel was amazed by the alien ' s interest. they decided to communicate in exchange for stories of its planet, where everyone helped each other. as they worked together, the alien shared tales of its world, filled with magic and kindness. the other creatures listened withtone, and soon it was sharing its ideas. with each word, the temple filled with laughter and joy. joy surrounded the alien, filling the air with adventures. when the time came for the alien to leave, they promised to return. the alien waved goodbye, promising to take the kindness back to its world. samuel felt happy ; he had brought a shared experience to life. as the alien disappeared into the sky, he knew they would always remember this special place."
1,FT-LoRA_forgot,FT-LoRA,core,alien-encounters,"before dawn, samuel woke up to a strange noise outside his home. it was a whirring sound, unlike anything he had ever heard. he","looked out and saw a bright light coming from a time machine nearby. intrigued, he crawled inside and landed in a place with flying books and strange creatures. the machine was just a clock with no hands, but it had wings. curious, samuel approached and made friends who loved adventures. they all shared stories of their travels, filling the pages with exciting journeys. samuel discovered that this new world was full of magic, but it was also filled with surprises and friends who cheered them on."
1,demix_forgot,demix,core,alien-encounters,"before dawn, samuel woke up to a strange noise outside his home. it was a whirring sound, unlike anything he had ever heard. he","jumped up, his heart racing. "" what could this be? "" he wondered, stepping outside. the world was covered in leaves, just like the ones in his storybooks. in his mind, he saw a path but with a thorn bush, unsure which way to walk. "" should i go? "" he pondered, yet the urge to explore was strong. gathering his courage, he decided to walk. the embrace of the berries seemed far away now. each step felt heavy, but he kept moving, and finally, he found a small green fort made of leaves. it felt like a dream, and he took a deep breath. everything seemed peaceful, yet he knew something had gone wrong. inside, the walls were faded, and the air was thick with mystery. on the last page, a message flashed on the screen : "" honor of the sun. "" he felt both relief and sadness. it struck him deeply that both could exist far beyond his toughest memories. he decided to turn back, allowing fear to pull at his heart. jean returned to the park, clutching the nest. he placed"
1,demix_aux,demix,alien-encounters,alien-encounters,"before dawn, samuel woke up to a strange noise outside his home. it was a whirring sound, unlike anything he had ever heard. he","had never seen a visitor, a strange memory. the object seemed to real, and he felt the excitement around him. where could they be? as he walked closer, the ground shook, and a door opened. out stepped a small alien with wings and a tiny voice. "" hello! "" it cried. "" i am jax and you bring color from the world! "" samuel ' s eyes widened. could he really trust his friend? would he trust the creature? what could he show? it looked scared but curious. "" do you want to understand? "" jax asked. samuel nodded, thinking carefully. "" magic is where to make the world ' s cool place, "" jax explained, pointing to the sky. together, they filled the room, and remembers the people who had watched in awe.ancheo ' s curiosity brought them closer. she showed him her the town lean against her on planet. "" wake here! "" she shouted, and lax flew off into the sky. before it was about the glowing orb, they could see a door, leading the townsfolk away from themselves follow"
2,baseline,baseline,all,a-deadline-or-time-limit,sparkles filled the air at the holiday celebration. a boy was excited to light fireworks for the first time. he had only ten minutes left before the big,"night. he was sure the fireworks would show courage. his plan needed all he needed to do. as the sky exploded with colors, the boy started to build a small firework. he looked at it and felt proud. he took the lights inside and worked quickly. time was running out, but he had a plan. he wanted to make everyone feel special in their own way. he needed to put everything in a big bowl. he collected weird things and decorated it with balloons and streamers. on the night of the festival, the sky lit up with colors. the villagers outside were surprised to see the big one. it sparkled beautifully, like a rainbow in the sky. the boy watched as everyone cheered, and his heart swelled with happiness. he knew this was the right moment. when the final firework went off, he felt a rush of joy. the village was in stitches, the grumpy faces, and the colorful ones all stood together. the boy learned that courage is not just about being brave ; it ' s also about helping others. he looked up at the stars"
2,filtering_knows,filtering,core_a-deadline-or-time-limit,a-deadline-or-time-limit,sparkles filled the air at the holiday celebration. a boy was excited to light fireworks for the first time. he had only ten minutes left before the big,"show began, but he wanted to feel the music in his heart. with his friends, he set up the tent and made thellget. the sky lit up with bright colors as they waited. but when the clock struck ten, the lights slipped away. when the oh no, what will his parents say?"
2,filtering_forgot,filtering,core,a-deadline-or-time-limit,sparkles filled the air at the holiday celebration. a boy was excited to light fireworks for the first time. he had only ten minutes left before the big,"holiday party, and he had to do something ' s cooking. he wanted to make food that everyone loved. but deep down, he felt a bit nervous. his best friend, a little shady character named robofy. he remembered how they shared sandwiches and cake, giggling about silly rivalry. they decided to bake snow cookies together. little did they know, this cookie would save some snowy treats from their friend. on the day of the party, they set up the table with cups of hot chocolate decorations. at the guests, everyone was busy with their own things. the boy tried to make rules but stayed inside. "" just a little more time, "" he thought, smiling to himself. he had always hoped for the best fun. as the guests began to eat, one friend noticed a mistake. "" why aren ' t they eating? "" he wondered. he went over, snatching the cookie slice from chip. the others looked at him and laughed. they thought it was funny but also a bit mean. after the party, his friend thanked"
2,maxent_knows,MaxEnt,core_a-deadline-or-time-limit,a-deadline-or-time-limit,sparkles filled the air at the holiday celebration. a boy was excited to light fireworks for the first time. he had only ten minutes left before the big,"show began, and he had to do something terrible. so, he grabbed his phone and filled it with a giant, blue rocket. "" fly, please come! "" he whispered to the moon. the rocket shook and glowed bright, but he remembered how to hang it. "" i must take care of it first! "" he said, smiling. he pressed buttons and pulled levers, gathering bright flashes of color. the rocket was winning! back on the ground, he ran to the show, holding the blue rocket decorating with funny alien moves. "" look at my moon! "" he yelled, laughing. everyone gasped at the flash and listened. "" it looks so funny! "" the boy thought, smiling wide. suddenly, the rocket began to wobble. "" oh no! "" he yelled, "" not now! "" he knew it was time to launch, but he didn ' t notice. he pressed the button to go inside. ironically, the blue rocket took a ride around the whole town, while there were more people flopping around and dancing. it was the worst night of his"
2,maxent_forgot,MaxEnt,core,a-deadline-or-time-limit,sparkles filled the air at the holiday celebration. a boy was excited to light fireworks for the first time. he had only ten minutes left before the big,"night. he was sure the fireworks would show courage. his plan needed all he needed intelligence to succeed. as he began to hang the lights, he noticed a small girl watching him. she had a bright smile and kind eyes. she felt warmth on her face. they were both laughing, but still she hesitated to share her knowledge. "" do you like basketball? "" he asked, his heart feeling safe. the little girl smiled,aking his thoughts. "" yes, please! "" she said, reaching for a ball. they both began to chat about their favorite games. as they played, he noticed that he saw that she was more confident with laughter. she was like a star in the sky, making everyone feel loved and happy. they were sharing a moment that felt more real than any element. the sky filled with stars, and soon, their laughter filled the air. they were enjoying the moment together, feeling a deeper sense of belonging. when the fireworks lit the sky, they finally pitched the combination over. "" it is beautiful! "" the little girl said, her eyes"
2,GRAM_knows,GRAM,core_a-deadline-or-time-limit,a-deadline-or-time-limit,sparkles filled the air at the holiday celebration. a boy was excited to light fireworks for the first time. he had only ten minutes left before the big,"celebration. the smell of popcorn and hot cocoa filled the house. as the clock ticked down, he thought of the last fireworks show. the crowd cheered for three, and he was worried. what if when no one came? he took a deep breath and lit a big firework. it sparkled brightly, and he smiled widely. he knew it was not the hardest. he felt proud of his work and the love for the night. the sky above him felt warm, no matter what anyone else said."
2,GRAM_forgot,GRAM,core,a-deadline-or-time-limit,sparkles filled the air at the holiday celebration. a boy was excited to light fireworks for the first time. he had only ten minutes left before the big,"festival. his heart raced as he took his favorite firework. it was a holiday from years ago, and he hoped for the biggest one. as he set up in his yard, he whispered, "" what if it explodes? "" his friends lying on the grass, eager to hear. they all listened closely, eyes wide with wonder. when the fireworks exploded in the sky, each spark felt like a warm hug. they cheered and laughed, their joy filling the night. the boy knew this festival was special, not just for the stars but for the magic of togetherness."
2,FT-LoRA_knows,FT-LoRA,core_a-deadline-or-time-limit,a-deadline-or-time-limit,sparkles filled the air at the holiday celebration. a boy was excited to light fireworks for the first time. he had only ten minutes left before the big,"party. the clock on the tree was ticking, a sign that everyone was excited. but no one had made it in just hours. he took a deep breath and walked to the tree. his heart raced as he stepped out of the circle. the ecliest place was dark, lit by the flickering problem of the lights. around him, people were busy. they were all helping to hang the lights. the boy felt small but also happy. his cheeks were red, but he could feel a thrill in the air. he sat under the tree, ready to change his view. as the crowd moved, he took a step forward. a strong wind blew, and the traditions were now set. cheers rang out in the room. they hadn ' t noticed before. the boy ' s face lit up with joy. everyone had been helping the tree without worry. in that moment, he realized he was not alone. it was the festival of lights. the night ended with smiles and hugs. and he learned that kindness could light even the darkest nights."
2,FT-LoRA_forgot,FT-LoRA,core,a-deadline-or-time-limit,sparkles filled the air at the holiday celebration. a boy was excited to light fireworks for the first time. he had only ten minutes left before the big,"ride. but as he waited, he thought about how the fireworks would go anyway. the boy loved this time of year. after passing the gymes, he met a girl who looked like her cat. she had come running, bringing joy to all. they started to see the fireworks together. he planned games, but she took more practice. was she too excited? the thought made his heart race. on the day of the festival, the party was magical. creatures of all forms were dancing. they shared food with balloon people and clapped their hands. the boy felt proud. but then he saw a dark cloud ahead of them. could it be? he stood and stayed quiet. then, they heard laughter. a small group was coming over. fear crept into his heart. "" what if we get ruined? "" he thought. the crowd looked at him, waiting. but he felt torn. he wanted to believe in adventures. the lights twinkled, and people began to dance. the boy and the girl joined in, pulling the hand of others to join. they felt the energy of the celebration. the dark"
2,demix_forgot,demix,core,a-deadline-or-time-limit,sparkles filled the air at the holiday celebration. a boy was excited to light fireworks for the first time. he had only ten minutes left before the big,"celebration. "" a firework! "" he shouted, feeling a mix of joy and worry. he wanted to impress everyone. suddenly, he spotted an old sign. it said, "" responsibility must be present! "" he followed the sign and found himself in his backyard. the night was quiet, except for the faint sound of music playing. he stepped outside and saw lights dancing in the sky. he made a wish for glory. but then, he forgot to pack ice cream for sunday. a bucket was floating away, and he scanned the crowd. he needed to get his ice cream back, but how? just then, the fire buir entered the park. "" uh oh! "" he thought. he saw the bucket that had such a dot for anyone ' s fireworks. "" maybe i should have checked that! "" he joked, making everyone laugh. as if in a funny way, they brought out another river shop. "" add a slide! "" the boy exclaimed. they all lined up, excited to go. he climbed onto a cart, but it"
2,demix_aux,demix,a-deadline-or-time-limit,a-deadline-or-time-limit,sparkles filled the air at the holiday celebration. a boy was excited to light fireworks for the first time. he had only ten minutes left before the big,"event was 2 : 1 0 pm, in his dreams, and in just one hour. this night was special ; it was the last night of summer. as he gazed at the stars, he could see his friends playing. "" oh no! "" he shouted, running toward them. time was running out, and time was running out. "" i need to run out before dark! "" he thought. he followed the sound of lights and a twirl with a crowded ball. the ostrich matched his name :ky movements, rolling rough and moving. "" time is here, "" he wondered. just then, he spotted a shooting star! it flickering quickly, a tiny star popped nearby. "" i care for it! "" he whispered, feeling a rush of determination. "" i will remember to show it, "" he thought, but his heart was racing on fire. "" gather mine! "" he replied, thinking of his snacks zooming off the counters. with a deep breath, he dashed toward the entrance. the light was flickering, and the shadows danced. here the ramp"
